<?xml version="1.0" encoding="utf-8"?>
<mime-type xmlns="http://www.freedesktop.org/standards/shared-mime-info" type="model/iges">
  <!--Created automatically by update-mime-database. DO NOT EDIT!-->
  <comment>IGES document</comment>
  <comment xml:lang="ca">document IGES</comment>
  <comment xml:lang="da">IGES-dokument</comment>
  <comment xml:lang="de">IGES-Dokument</comment>
  <comment xml:lang="es">documento IGES</comment>
  <comment xml:lang="fi">IGES-asiakirja</comment>
  <comment xml:lang="fr">document IGES</comment>
  <comment xml:lang="he">מסמך IGES</comment>
  <comment xml:lang="hu">IGES dokumentum</comment>
  <comment xml:lang="kk">IGES құжаты</comment>
  <comment xml:lang="ko">IGES 문서</comment>
  <comment xml:lang="pl">Dokument IGES</comment>
  <comment xml:lang="pt_BR">Documento IGES</comment>
  <comment xml:lang="ru">документ IGES</comment>
  <comment xml:lang="sk">Dokument IGES</comment>
  <comment xml:lang="uk">документ IGES</comment>
  <comment xml:lang="zh_CN">IGES 文档</comment>
  <comment xml:lang="zh_TW">IGES 文件</comment>
  <acronym>IGES</acronym>
  <expanded-acronym>Initial Graphics Exchange Specification</expanded-acronym>
  <generic-icon name="x-office-document"/>
  <sub-class-of type="text/plain"/>
  <glob pattern="*.igs"/>
  <glob pattern="*.iges"/>
</mime-type>
