<?xml version="1.0" encoding="utf-8"?>
<mime-type xmlns="http://www.freedesktop.org/standards/shared-mime-info" type="text/rust">
  <!--Created automatically by update-mime-database. DO NOT EDIT!-->
  <comment>Rust source code</comment>
  <comment xml:lang="ca">codi font en Rust</comment>
  <comment xml:lang="cs">zdrojový kód v jazyce Rust</comment>
  <comment xml:lang="da">Rust-kildekode</comment>
  <comment xml:lang="de">Rust-Quelltext</comment>
  <comment xml:lang="el">Πηγαίος κώδικας Rust</comment>
  <comment xml:lang="en_GB">Rust source code</comment>
  <comment xml:lang="es">código fuente en Rust</comment>
  <comment xml:lang="eu">Rust iturburu-kodea</comment>
  <comment xml:lang="fi">Rust-lähdekoodi</comment>
  <comment xml:lang="fr">code source Rust</comment>
  <comment xml:lang="he">קוד מקור של Rust</comment>
  <comment xml:lang="hr">Rust izvorni kôd</comment>
  <comment xml:lang="hu">Rust forrásfájl</comment>
  <comment xml:lang="ia">Codice-fonte Rust</comment>
  <comment xml:lang="id">Kode program Rust</comment>
  <comment xml:lang="it">Codice sorgente Rust</comment>
  <comment xml:lang="kk">Rust бастапқы коды</comment>
  <comment xml:lang="ko">Rust 소스 코드</comment>
  <comment xml:lang="oc">còde font Rust</comment>
  <comment xml:lang="pl">Kod źródłowy Rust</comment>
  <comment xml:lang="pt">código origem Rust</comment>
  <comment xml:lang="pt_BR">Código-fonte Rust</comment>
  <comment xml:lang="ru">исходный код Rust</comment>
  <comment xml:lang="sk">Zdrojový kód Rust</comment>
  <comment xml:lang="sr">Раст изворни ко̂д</comment>
  <comment xml:lang="sv">Rust-källkod</comment>
  <comment xml:lang="tr">Rust kaynak kodu</comment>
  <comment xml:lang="uk">вихідний код мовою Rust</comment>
  <comment xml:lang="zh_CN">Rust 源代码</comment>
  <comment xml:lang="zh_TW">Rust 源碼</comment>
  <sub-class-of type="text/plain"/>
  <glob pattern="*.rs"/>
</mime-type>
