<?xml version="1.0" encoding="utf-8"?>
<mime-type xmlns="http://www.freedesktop.org/standards/shared-mime-info" type="text/tab-separated-values">
  <!--Created automatically by update-mime-database. DO NOT EDIT!-->
  <comment>TSV document</comment>
  <comment xml:lang="ar">مستند TSV</comment>
  <comment xml:lang="be@latin">Dakument TSV</comment>
  <comment xml:lang="bg">Документ — TSV</comment>
  <comment xml:lang="ca">document TSV</comment>
  <comment xml:lang="cs">dokument TSV</comment>
  <comment xml:lang="da">TSV-dokument</comment>
  <comment xml:lang="de">TSV-Dokument</comment>
  <comment xml:lang="el">Έγγραφο TSV</comment>
  <comment xml:lang="en_GB">TSV document</comment>
  <comment xml:lang="es">documento TSV</comment>
  <comment xml:lang="eu">TSV dokumentua</comment>
  <comment xml:lang="fi">TSV-asiakirja</comment>
  <comment xml:lang="fo">TSV skjal</comment>
  <comment xml:lang="fr">document TSV</comment>
  <comment xml:lang="ga">cáipéis TSV</comment>
  <comment xml:lang="gl">documento TSV</comment>
  <comment xml:lang="he">מסמך TSV</comment>
  <comment xml:lang="hr">TSV dokument</comment>
  <comment xml:lang="hu">TSV dokumentum</comment>
  <comment xml:lang="ia">Documento TSV</comment>
  <comment xml:lang="id">Dokumen TSV</comment>
  <comment xml:lang="it">Documento TSV</comment>
  <comment xml:lang="ja">TSV ドキュメント</comment>
  <comment xml:lang="kk">TSV құжаты</comment>
  <comment xml:lang="ko">TSV 문서</comment>
  <comment xml:lang="lt">TSV dokumentas</comment>
  <comment xml:lang="lv">TSV dokuments</comment>
  <comment xml:lang="nb">TSV-dokument</comment>
  <comment xml:lang="nl">TSV-document</comment>
  <comment xml:lang="nn">TSV-dokument</comment>
  <comment xml:lang="oc">document TSV</comment>
  <comment xml:lang="pl">Dokument TSV</comment>
  <comment xml:lang="pt">documento TSV</comment>
  <comment xml:lang="pt_BR">Documento TSV</comment>
  <comment xml:lang="ro">Document TSV</comment>
  <comment xml:lang="ru">документ TSV</comment>
  <comment xml:lang="sk">Dokument TSV</comment>
  <comment xml:lang="sl">Dokument TSV</comment>
  <comment xml:lang="sq">Dokument TSV</comment>
  <comment xml:lang="sr">ТСВ документ</comment>
  <comment xml:lang="sv">TSV-dokument</comment>
  <comment xml:lang="tr">TSV belgesi</comment>
  <comment xml:lang="uk">документ TSV</comment>
  <comment xml:lang="vi">Tài liệu TSV</comment>
  <comment xml:lang="zh_CN">TSV 文档</comment>
  <comment xml:lang="zh_TW">TSV 文件</comment>
  <acronym>TSV</acronym>
  <expanded-acronym>Tab Separated Values</expanded-acronym>
  <sub-class-of type="text/plain"/>
  <glob pattern="*.tsv"/>
</mime-type>
