<?xml version="1.0" encoding="utf-8"?>
<mime-type xmlns="http://www.freedesktop.org/standards/shared-mime-info" type="text/vnd.wap.wmlscript">
  <!--Created automatically by update-mime-database. DO NOT EDIT!-->
  <comment>WMLScript program</comment>
  <comment xml:lang="ar">برنامج WMLScript</comment>
  <comment xml:lang="be@latin">Prahrama WMLScript</comment>
  <comment xml:lang="bg">Програма — WMLScript</comment>
  <comment xml:lang="ca">programa WMLScript</comment>
  <comment xml:lang="cs">program WMLScript</comment>
  <comment xml:lang="da">WMLScript-program</comment>
  <comment xml:lang="de">WMLScript-Programm</comment>
  <comment xml:lang="el">Πρόγραμμα WMLScript</comment>
  <comment xml:lang="en_GB">WMLScript program</comment>
  <comment xml:lang="es">programa en WMLScript</comment>
  <comment xml:lang="eu">WMLScript programa</comment>
  <comment xml:lang="fi">WMLScript-ohjelma</comment>
  <comment xml:lang="fo">WMLScript forrit</comment>
  <comment xml:lang="fr">programme WMLScript</comment>
  <comment xml:lang="ga">ríomhchlár WMLScript</comment>
  <comment xml:lang="gl">programa en WMLScript</comment>
  <comment xml:lang="he">תכנית של WMLScript</comment>
  <comment xml:lang="hr">WMLScript program</comment>
  <comment xml:lang="hu">WMLScript program</comment>
  <comment xml:lang="ia">Programma WMLScript</comment>
  <comment xml:lang="id">Program WMLScript</comment>
  <comment xml:lang="it">Programma WMLScript</comment>
  <comment xml:lang="ja">WMLScript プログラム</comment>
  <comment xml:lang="kk">WMLScript бағдарламасы</comment>
  <comment xml:lang="ko">WMLScript 프로그램</comment>
  <comment xml:lang="lt">WMLScript programa</comment>
  <comment xml:lang="lv">WMLScript programma</comment>
  <comment xml:lang="nb">WMLScript-program</comment>
  <comment xml:lang="nl">WMLScript-programma</comment>
  <comment xml:lang="nn">WMLScript-program</comment>
  <comment xml:lang="oc">programa WMLEscript</comment>
  <comment xml:lang="pl">Pogram WMLScript</comment>
  <comment xml:lang="pt">programa WMLScript</comment>
  <comment xml:lang="pt_BR">Programa WMLScript</comment>
  <comment xml:lang="ro">Program WMLScript</comment>
  <comment xml:lang="ru">сценарий WMLScript</comment>
  <comment xml:lang="sk">Program WMLScript</comment>
  <comment xml:lang="sl">Programska datoteka WMLScript</comment>
  <comment xml:lang="sq">Program WMLScript</comment>
  <comment xml:lang="sr">програм ВМЛ скрипте</comment>
  <comment xml:lang="sv">WMLScript-program</comment>
  <comment xml:lang="tr">WMLScript programı</comment>
  <comment xml:lang="uk">програма мовою WMLScript</comment>
  <comment xml:lang="vi">Chương trình WMLScript</comment>
  <comment xml:lang="zh_CN">WMLScript 程序</comment>
  <comment xml:lang="zh_TW">WMLScript 程式</comment>
  <glob pattern="*.wmls"/>
</mime-type>
