<?xml version="1.0" encoding="utf-8"?>
<mime-type xmlns="http://www.freedesktop.org/standards/shared-mime-info" type="text/vnd.rn-realtext">
  <!--Created automatically by update-mime-database. DO NOT EDIT!-->
  <comment>RealText document</comment>
  <comment xml:lang="ar">مستند RealText</comment>
  <comment xml:lang="be@latin">Dakument RealText</comment>
  <comment xml:lang="bg">Документ — RealText</comment>
  <comment xml:lang="ca">document RealText</comment>
  <comment xml:lang="cs">dokument RealText</comment>
  <comment xml:lang="da">RealText-dokument</comment>
  <comment xml:lang="de">RealText-Dokument</comment>
  <comment xml:lang="el">Έγγραφο RealText</comment>
  <comment xml:lang="en_GB">RealText document</comment>
  <comment xml:lang="eo">RealText-dokumento</comment>
  <comment xml:lang="es">documento RealText</comment>
  <comment xml:lang="eu">RealText dokumentua</comment>
  <comment xml:lang="fi">RealText-asiakirja</comment>
  <comment xml:lang="fo">RealText skjal</comment>
  <comment xml:lang="fr">document RealText</comment>
  <comment xml:lang="ga">cáipéis RealText</comment>
  <comment xml:lang="gl">documento RealText</comment>
  <comment xml:lang="he">מסמך של RealText</comment>
  <comment xml:lang="hr">RealText dokument</comment>
  <comment xml:lang="hu">RealText dokumentum</comment>
  <comment xml:lang="ia">Documento RealText</comment>
  <comment xml:lang="id">Dokumen RealText</comment>
  <comment xml:lang="it">Documento RealText</comment>
  <comment xml:lang="ja">RealText ドキュメント</comment>
  <comment xml:lang="kk">RealText құжаты</comment>
  <comment xml:lang="ko">RealText 문서</comment>
  <comment xml:lang="lt">RealText dokumentas</comment>
  <comment xml:lang="lv">RealText dokuments</comment>
  <comment xml:lang="nb">RealText-dokument</comment>
  <comment xml:lang="nl">RealText-document</comment>
  <comment xml:lang="nn">RealText-dokument</comment>
  <comment xml:lang="oc">document RealText</comment>
  <comment xml:lang="pl">Dokument RealText</comment>
  <comment xml:lang="pt">documento RealText</comment>
  <comment xml:lang="pt_BR">Documento RealText</comment>
  <comment xml:lang="ro">Document RealText</comment>
  <comment xml:lang="ru">документ RealText</comment>
  <comment xml:lang="sk">Dokument RealText</comment>
  <comment xml:lang="sl">Dokument RealText</comment>
  <comment xml:lang="sq">Dokument RealText</comment>
  <comment xml:lang="sr">документ Рил Текста</comment>
  <comment xml:lang="sv">RealText-dokument</comment>
  <comment xml:lang="tr">RealText belgesi</comment>
  <comment xml:lang="uk">документ RealText</comment>
  <comment xml:lang="vi">Tài liệu văn bản RealText</comment>
  <comment xml:lang="zh_CN">RealText 文档</comment>
  <comment xml:lang="zh_TW">RealText 文件</comment>
  <glob pattern="*.rt"/>
</mime-type>
