<?xml version="1.0" encoding="utf-8"?>
<mime-type xmlns="http://www.freedesktop.org/standards/shared-mime-info" type="text/x-adasrc">
  <!--Created automatically by update-mime-database. DO NOT EDIT!-->
  <comment>Ada source code</comment>
  <comment xml:lang="ar">شفرة مصدر Ada</comment>
  <comment xml:lang="be@latin">Kryničny kod Ada</comment>
  <comment xml:lang="bg">Изходен код — Ada</comment>
  <comment xml:lang="ca">codi font en Ada</comment>
  <comment xml:lang="cs">zdrojový kód v jazyce Ada</comment>
  <comment xml:lang="da">Ada-kildekode</comment>
  <comment xml:lang="de">Ada-Quelltext</comment>
  <comment xml:lang="el">Πηγαίος κώδικας Ada</comment>
  <comment xml:lang="en_GB">Ada source code</comment>
  <comment xml:lang="eo">Ada-fontkodo</comment>
  <comment xml:lang="es">código fuente en Ada</comment>
  <comment xml:lang="eu">Ada iturburu-kodea</comment>
  <comment xml:lang="fi">Ada-lähdekoodi</comment>
  <comment xml:lang="fo">Ada keldukota</comment>
  <comment xml:lang="fr">code source Ada</comment>
  <comment xml:lang="ga">cód foinseach Ada</comment>
  <comment xml:lang="gl">código fonte en Ada</comment>
  <comment xml:lang="he">קוד מקור Ada</comment>
  <comment xml:lang="hr">Ada izvorni kod</comment>
  <comment xml:lang="hu">Ada-forráskód</comment>
  <comment xml:lang="ia">Codice-fonte Ada</comment>
  <comment xml:lang="id">Kode program Ada</comment>
  <comment xml:lang="it">Codice sorgente Ada</comment>
  <comment xml:lang="ja">Ada ソースコード</comment>
  <comment xml:lang="ka">Ada-ის საწყისი კოდი</comment>
  <comment xml:lang="kk">Ada бастапқы коды</comment>
  <comment xml:lang="ko">Ada 소스 코드</comment>
  <comment xml:lang="lt">Ada pradinis kodas</comment>
  <comment xml:lang="lv">Ada pirmkods</comment>
  <comment xml:lang="ms">Kod sumber Ada</comment>
  <comment xml:lang="nb">Ada-kildekode</comment>
  <comment xml:lang="nl">Ada-broncode</comment>
  <comment xml:lang="nn">Ada-kjeldekode</comment>
  <comment xml:lang="oc">còde font Ada</comment>
  <comment xml:lang="pl">Kod źródłowy Ada</comment>
  <comment xml:lang="pt">código origem Ada</comment>
  <comment xml:lang="pt_BR">Código-fonte Ada</comment>
  <comment xml:lang="ro">Cod sursă Ada</comment>
  <comment xml:lang="ru">исходный код Ada</comment>
  <comment xml:lang="sk">Zdrojový kód jazyka Ada</comment>
  <comment xml:lang="sl">Datoteka izvorne kode Ada</comment>
  <comment xml:lang="sq">Kod burues Ada</comment>
  <comment xml:lang="sr">Ада изворни ко̂д</comment>
  <comment xml:lang="sv">Ada-källkod</comment>
  <comment xml:lang="tr">Ada kaynak kodu</comment>
  <comment xml:lang="uk">вихідний код мовою Ada</comment>
  <comment xml:lang="vi">Mã nguồn Ada</comment>
  <comment xml:lang="zh_CN">Ada 源代码</comment>
  <comment xml:lang="zh_TW">Ada 源碼</comment>
  <sub-class-of type="text/plain"/>
  <glob pattern="*.adb"/>
  <glob pattern="*.ads"/>
</mime-type>
