<?xml version="1.0" encoding="utf-8"?>
<mime-type xmlns="http://www.freedesktop.org/standards/shared-mime-info" type="text/x-genie">
  <!--Created automatically by update-mime-database. DO NOT EDIT!-->
  <comment>Genie source code</comment>
  <comment xml:lang="ca">codi font de Genius</comment>
  <comment xml:lang="cs">zdrojový kód v jazyce Genie</comment>
  <comment xml:lang="da">Genie-kildekode</comment>
  <comment xml:lang="de">Genie-Quelltext</comment>
  <comment xml:lang="el">Πηγαίος κώδικας Genie</comment>
  <comment xml:lang="en_GB">Genie source code</comment>
  <comment xml:lang="es">código fuente en Genie</comment>
  <comment xml:lang="eu">Genie iturburu-kodea</comment>
  <comment xml:lang="fi">Genie-lähdekoodi</comment>
  <comment xml:lang="fr">code source Genie</comment>
  <comment xml:lang="hr">Genie izvorni kôd</comment>
  <comment xml:lang="hu">Genie forráskód</comment>
  <comment xml:lang="ia">Codice-fonte Genie</comment>
  <comment xml:lang="id">Kode program Genie</comment>
  <comment xml:lang="it">Codice sorgente Genie</comment>
  <comment xml:lang="kk">Genie бастапқы коды</comment>
  <comment xml:lang="ko">Genie 소스 코드</comment>
  <comment xml:lang="oc">còde font Genie</comment>
  <comment xml:lang="pl">Kod źródłowy Genie</comment>
  <comment xml:lang="pt">código origem Genie</comment>
  <comment xml:lang="pt_BR">Código-fonte Genie</comment>
  <comment xml:lang="ru">исходный код Genie</comment>
  <comment xml:lang="sk">Zdrojový kód Genie</comment>
  <comment xml:lang="sl">Izvorna koda Genie</comment>
  <comment xml:lang="sr">Гение изворни ко̂д</comment>
  <comment xml:lang="sv">Genie-källkod</comment>
  <comment xml:lang="tr">Genie kaynak kodu</comment>
  <comment xml:lang="uk">вихідний код мовою Genie</comment>
  <comment xml:lang="zh_CN">Genie 源代码</comment>
  <comment xml:lang="zh_TW">Genie 源碼</comment>
  <sub-class-of type="text/plain"/>
  <glob pattern="*.gs" case-sensitive="true"/>
  <generic-icon name="text-x-generic"/>
</mime-type>
