<?xml version="1.0" encoding="utf-8"?>
<mime-type xmlns="http://www.freedesktop.org/standards/shared-mime-info" type="text/x-gettext-translation-template">
  <!--Created automatically by update-mime-database. DO NOT EDIT!-->
  <comment>translation template</comment>
  <comment xml:lang="ar">قالب الترجمة</comment>
  <comment xml:lang="be@latin">šablon dla pierakładu</comment>
  <comment xml:lang="bg">Шаблон за преводи</comment>
  <comment xml:lang="ca">plantilla de traducció</comment>
  <comment xml:lang="cs">šablona překladu</comment>
  <comment xml:lang="da">oversættelsesskabelon</comment>
  <comment xml:lang="de">Übersetzungsvorlage</comment>
  <comment xml:lang="el">Πρότυπο μετάφρασης</comment>
  <comment xml:lang="en_GB">translation template</comment>
  <comment xml:lang="eo">tradukad-ŝablono</comment>
  <comment xml:lang="es">plantilla de traducción</comment>
  <comment xml:lang="eu">itzulpenen txantiloia</comment>
  <comment xml:lang="fi">käännösmalli</comment>
  <comment xml:lang="fo">týðingarformur</comment>
  <comment xml:lang="fr">modèle de traduction</comment>
  <comment xml:lang="ga">teimpléad aistrithe</comment>
  <comment xml:lang="gl">plantilla de tradución</comment>
  <comment xml:lang="he">תבנית תרגום</comment>
  <comment xml:lang="hr">predložak prijevoda</comment>
  <comment xml:lang="hu">fordítási sablon</comment>
  <comment xml:lang="ia">Patrono de traduction</comment>
  <comment xml:lang="id">templat terjemahan</comment>
  <comment xml:lang="it">Modello di traduzione</comment>
  <comment xml:lang="ja">翻訳テンプレート</comment>
  <comment xml:lang="ka">თარგმნის შაბლონი</comment>
  <comment xml:lang="kk">аудармалар үлгісі</comment>
  <comment xml:lang="ko">메시지 번역 서식</comment>
  <comment xml:lang="lt">vertimo šablonas</comment>
  <comment xml:lang="lv">tulkošanas veidne</comment>
  <comment xml:lang="nb">mal for oversetting</comment>
  <comment xml:lang="nl">vertalingssjabloon</comment>
  <comment xml:lang="nn">omsetjingsmal</comment>
  <comment xml:lang="oc">modèl de traduccion</comment>
  <comment xml:lang="pl">Szablon tłumaczenia</comment>
  <comment xml:lang="pt">modelo de tradução</comment>
  <comment xml:lang="pt_BR">Modelo de tradução</comment>
  <comment xml:lang="ro">șablon de traducere</comment>
  <comment xml:lang="ru">шаблон переводов</comment>
  <comment xml:lang="sk">Šablóna prekladu</comment>
  <comment xml:lang="sl">predloga datoteke prevoda programa</comment>
  <comment xml:lang="sq">Model përkthimesh</comment>
  <comment xml:lang="sr">шаблон превода</comment>
  <comment xml:lang="sv">översättningsmall</comment>
  <comment xml:lang="tr">çeviri şablonu</comment>
  <comment xml:lang="uk">шаблон перекладу</comment>
  <comment xml:lang="vi">mẫu dịch</comment>
  <comment xml:lang="zh_CN">消息翻译模板</comment>
  <comment xml:lang="zh_TW">翻譯模版</comment>
  <sub-class-of type="text/plain"/>
  <glob pattern="*.pot"/>
  <alias type="text/x-pot"/>
</mime-type>
