<?xml version="1.0" encoding="utf-8"?>
<mime-type xmlns="http://www.freedesktop.org/standards/shared-mime-info" type="text/x-mup">
  <!--Created automatically by update-mime-database. DO NOT EDIT!-->
  <comment>Mup publication</comment>
  <comment xml:lang="ar">منشور Mup</comment>
  <comment xml:lang="be@latin">Publikacyja Mup</comment>
  <comment xml:lang="bg">Издание — Mup</comment>
  <comment xml:lang="ca">publicació Mup</comment>
  <comment xml:lang="cs">publikace Mup</comment>
  <comment xml:lang="da">Mupudgivelse</comment>
  <comment xml:lang="de">Mup-Veröffentlichung</comment>
  <comment xml:lang="el">Δημοσίευση Mup</comment>
  <comment xml:lang="en_GB">Mup publication</comment>
  <comment xml:lang="es">publicación Mup</comment>
  <comment xml:lang="eu">Mup publikazioa</comment>
  <comment xml:lang="fi">Mup-julkaisu</comment>
  <comment xml:lang="fo">Mup útgáva</comment>
  <comment xml:lang="fr">publication Mup</comment>
  <comment xml:lang="ga">foilseachán Mup</comment>
  <comment xml:lang="gl">publicación Mup</comment>
  <comment xml:lang="he">פרסום של Mup</comment>
  <comment xml:lang="hr">Mup publikacija</comment>
  <comment xml:lang="hu">Mup publikáció</comment>
  <comment xml:lang="ia">Publication Mup</comment>
  <comment xml:lang="id">Publikasi Mup</comment>
  <comment xml:lang="it">Pubblicazione Mup</comment>
  <comment xml:lang="ja">Mup 出版ファイル</comment>
  <comment xml:lang="kk">Mup жариялымы</comment>
  <comment xml:lang="ko">Mup 출판물</comment>
  <comment xml:lang="lt">Mup leidinys</comment>
  <comment xml:lang="lv">Mup publikācija</comment>
  <comment xml:lang="nb">Mup publikasjon</comment>
  <comment xml:lang="nl">Mup-publicatie</comment>
  <comment xml:lang="nn">Mup-publikasjon</comment>
  <comment xml:lang="oc">publication Mup</comment>
  <comment xml:lang="pl">Publikacja Mup</comment>
  <comment xml:lang="pt">publicação Mup</comment>
  <comment xml:lang="pt_BR">Publicação do Mup</comment>
  <comment xml:lang="ro">Publicație Mup</comment>
  <comment xml:lang="ru">публикация Mup</comment>
  <comment xml:lang="sk">Publikácie Mup</comment>
  <comment xml:lang="sl">Datoteka objave Mup</comment>
  <comment xml:lang="sq">Publikim Mup</comment>
  <comment xml:lang="sr">Муп објава</comment>
  <comment xml:lang="sv">Mup-publicering</comment>
  <comment xml:lang="tr">Mup uygulaması</comment>
  <comment xml:lang="uk">публікація Mup</comment>
  <comment xml:lang="vi">Bản xuất Mup</comment>
  <comment xml:lang="zh_CN">Mup 应用程序</comment>
  <comment xml:lang="zh_TW">Mup 出版品</comment>
  <sub-class-of type="text/plain"/>
  <glob pattern="*.mup"/>
  <glob pattern="*.not"/>
</mime-type>
