<?xml version="1.0" encoding="utf-8"?>
<mime-type xmlns="http://www.freedesktop.org/standards/shared-mime-info" type="text/x-opml+xml">
  <!--Created automatically by update-mime-database. DO NOT EDIT!-->
  <comment>OPML syndication feed</comment>
  <comment xml:lang="ar">مروج تغذية OPML</comment>
  <comment xml:lang="be@latin">Syndykacyjny kanał OPML</comment>
  <comment xml:lang="bg">Емисия — OPML</comment>
  <comment xml:lang="ca">canal de sindicació OPML</comment>
  <comment xml:lang="cs">kanál OPML</comment>
  <comment xml:lang="da">OPML-syndikeringsfeed</comment>
  <comment xml:lang="de">OPML-Nachrichtenquelle</comment>
  <comment xml:lang="el">Τροφοδοσία OPML</comment>
  <comment xml:lang="en_GB">OPML syndication feed</comment>
  <comment xml:lang="es">canal de noticias OPML</comment>
  <comment xml:lang="eu">OPML harpidetze-iturria</comment>
  <comment xml:lang="fi">OPML-yhdistevirta</comment>
  <comment xml:lang="fr">fil de syndication OPML</comment>
  <comment xml:lang="ga">fotha sindeacáitithe OPML</comment>
  <comment xml:lang="gl">fonte de sindicación OPML</comment>
  <comment xml:lang="he">הזנה דרך הרשת OPML</comment>
  <comment xml:lang="hr">OPML kanal objavljivanja</comment>
  <comment xml:lang="hu">OPML egyesítőfolyam</comment>
  <comment xml:lang="ia">Fluxo de syndication OPML</comment>
  <comment xml:lang="id">Umpan sindikasi OPML</comment>
  <comment xml:lang="it">Feed di distribuzione OPML</comment>
  <comment xml:lang="ja">OPML 配信フィード</comment>
  <comment xml:lang="kk">OPML жаңалықтар таспасы</comment>
  <comment xml:lang="ko">OPML 묶음 피드</comment>
  <comment xml:lang="lt">OPML sindikacijos kanalas</comment>
  <comment xml:lang="lv">OPML sindikāta barotne</comment>
  <comment xml:lang="nb">OPML syndikeringsstrøm</comment>
  <comment xml:lang="nl">OPML-syndicatie-feed</comment>
  <comment xml:lang="nn">OPML-kjelde</comment>
  <comment xml:lang="oc">fial de sindicacion OPML</comment>
  <comment xml:lang="pl">Kanał OPML</comment>
  <comment xml:lang="pt">feed OPML</comment>
  <comment xml:lang="pt_BR">Fonte de notícias OPML</comment>
  <comment xml:lang="ro">Flux OPML syndication</comment>
  <comment xml:lang="ru">лента новостей OPML</comment>
  <comment xml:lang="sk">Kanál OPML</comment>
  <comment xml:lang="sl">Sindikalni vir OPML</comment>
  <comment xml:lang="sq">Feed për përhapje OPML</comment>
  <comment xml:lang="sr">ОМПЛ довод синдикализације</comment>
  <comment xml:lang="sv">OPML-syndikeringskanal</comment>
  <comment xml:lang="tr">OPML besleme kaynağı</comment>
  <comment xml:lang="uk">трансляція подач OPML</comment>
  <comment xml:lang="vi">Nguồn tin tức OPML</comment>
  <comment xml:lang="zh_CN">OPML 聚合种子</comment>
  <comment xml:lang="zh_TW">OPML 聯合供稿饋流</comment>
  <sub-class-of type="application/xml"/>
  <alias type="text/x-opml"/>
  <generic-icon name="text-html"/>
  <glob pattern="*.opml"/>
</mime-type>
