<?xml version="1.0" encoding="utf-8"?>
<mime-type xmlns="http://www.freedesktop.org/standards/shared-mime-info" type="text/x-subviewer">
  <!--Created automatically by update-mime-database. DO NOT EDIT!-->
  <comment>SubViewer subtitles</comment>
  <comment xml:lang="ar">ترجمات SubViewer</comment>
  <comment xml:lang="be@latin">Subtytry SubViewer</comment>
  <comment xml:lang="bg">Субтитри — SubViewer</comment>
  <comment xml:lang="ca">subtítols SubViewer</comment>
  <comment xml:lang="cs">titulky SubViewer</comment>
  <comment xml:lang="da">SubViewer-undertekster</comment>
  <comment xml:lang="de">SubViewer-Untertitel</comment>
  <comment xml:lang="el">Υπότιτλοι SubViewer</comment>
  <comment xml:lang="en_GB">SubViewer subtitles</comment>
  <comment xml:lang="eo">SubViewer-subtekstoj</comment>
  <comment xml:lang="es">subtítulos SubViewer</comment>
  <comment xml:lang="eu">SubViewer azpitituluak</comment>
  <comment xml:lang="fi">SubViewer-tekstitykset</comment>
  <comment xml:lang="fo">SubViewer undirtekstir</comment>
  <comment xml:lang="fr">sous-titres SubViewer</comment>
  <comment xml:lang="ga">fotheidil SubViewer</comment>
  <comment xml:lang="gl">subtítulos SubViewer</comment>
  <comment xml:lang="he">כתוביות של SubViewer</comment>
  <comment xml:lang="hr">SubViewer titlovi</comment>
  <comment xml:lang="hu">SubViewer feliratok</comment>
  <comment xml:lang="ia">Subtitulos SubViewer</comment>
  <comment xml:lang="id">Subjudul SubViewer</comment>
  <comment xml:lang="it">Sottotitoli SubViewer</comment>
  <comment xml:lang="ja">SubViewer 字幕</comment>
  <comment xml:lang="kk">SubViewer субтитрлары</comment>
  <comment xml:lang="ko">SubViewer 자막 파일</comment>
  <comment xml:lang="lt">SubViewer subtitrai</comment>
  <comment xml:lang="lv">SubViewer subtitri</comment>
  <comment xml:lang="nb">SubViewer undertekst</comment>
  <comment xml:lang="nl">SubViewer-ondertitels</comment>
  <comment xml:lang="nn">SubViewer-teksting</comment>
  <comment xml:lang="oc">sostítols SubViewer</comment>
  <comment xml:lang="pl">Napisy SubViewer</comment>
  <comment xml:lang="pt">legendas SubViewer</comment>
  <comment xml:lang="pt_BR">Legendas SubViewer</comment>
  <comment xml:lang="ro">Subtitrare SubViewer</comment>
  <comment xml:lang="ru">субтитры SubViewer</comment>
  <comment xml:lang="sk">Titulky SubViewer</comment>
  <comment xml:lang="sl">Datoteka podnapisov SubViewer</comment>
  <comment xml:lang="sq">Nëntituj SubViewer</comment>
  <comment xml:lang="sr">Суб Вјивер преводи</comment>
  <comment xml:lang="sv">SubViewer-undertexter</comment>
  <comment xml:lang="tr">SubViewer altyazıları</comment>
  <comment xml:lang="uk">субтитри SubViewer</comment>
  <comment xml:lang="vi">Phụ đề SubViewer</comment>
  <comment xml:lang="zh_CN">SubViewer 字幕</comment>
  <comment xml:lang="zh_TW">SubViewer 字幕</comment>
  <sub-class-of type="text/plain"/>
  <glob pattern="*.sub"/>
</mime-type>
