<?xml version="1.0" encoding="utf-8"?>
<mime-type xmlns="http://www.freedesktop.org/standards/shared-mime-info" type="text/x-twig">
  <!--Created automatically by update-mime-database. DO NOT EDIT!-->
  <comment>Twig template</comment>
  <comment xml:lang="ca">plantilla Twig</comment>
  <comment xml:lang="da">Twig-skabelon</comment>
  <comment xml:lang="de">Twig-Vorlage</comment>
  <comment xml:lang="es">plantilla de Twig</comment>
  <comment xml:lang="fr">modèle Twig</comment>
  <comment xml:lang="he">תבנית Twig</comment>
  <comment xml:lang="hu">Twig-sablon</comment>
  <comment xml:lang="kk">Twig үлгісі</comment>
  <comment xml:lang="ko">Twig 문서 서식</comment>
  <comment xml:lang="pl">Szablon Twig</comment>
  <comment xml:lang="pt_BR">Modelo Twig</comment>
  <comment xml:lang="ru">шаблон Twig</comment>
  <comment xml:lang="sk">Šablóna Twig</comment>
  <comment xml:lang="uk">шаблон twig</comment>
  <comment xml:lang="zh_CN">Twig 模板</comment>
  <comment xml:lang="zh_TW">Twig 範本</comment>
  <sub-class-of type="text/plain"/>
  <glob pattern="*.twig"/>
  <generic-icon name="text-x-generic-template"/>
</mime-type>
