<?xml version="1.0" encoding="utf-8"?>
<mime-type xmlns="http://www.freedesktop.org/standards/shared-mime-info" type="text/x-txt2tags">
  <!--Created automatically by update-mime-database. DO NOT EDIT!-->
  <comment>txt2tags document</comment>
  <comment xml:lang="ar">مستند txt2tags</comment>
  <comment xml:lang="be@latin">dakument txt2tags</comment>
  <comment xml:lang="bg">Документ — txt2tags</comment>
  <comment xml:lang="ca">document txt2tags</comment>
  <comment xml:lang="cs">dokument txt2tags</comment>
  <comment xml:lang="da">txt2tags-dokument</comment>
  <comment xml:lang="de">txt2tags-Dokument</comment>
  <comment xml:lang="el">Έγγραφο txt2tags</comment>
  <comment xml:lang="en_GB">txt2tags document</comment>
  <comment xml:lang="eo">txt2tags-dokumento</comment>
  <comment xml:lang="es">documento txt2tags</comment>
  <comment xml:lang="eu">txt2tags dokumentua</comment>
  <comment xml:lang="fi">txt2tags-asiakirja</comment>
  <comment xml:lang="fo">txt2tags skjal</comment>
  <comment xml:lang="fr">document txt2tags</comment>
  <comment xml:lang="ga">cáipéis txt2tags</comment>
  <comment xml:lang="gl">documento txt2tags</comment>
  <comment xml:lang="he">מסמך txt2tags</comment>
  <comment xml:lang="hr">txt2tags dokument</comment>
  <comment xml:lang="hu">txt2tags dokumentum</comment>
  <comment xml:lang="ia">Documento txt2tags</comment>
  <comment xml:lang="id">dokumen txt2tags</comment>
  <comment xml:lang="it">Documento txt2tags</comment>
  <comment xml:lang="ja">txt2tags ドキュメント</comment>
  <comment xml:lang="ka">txt2tags დოკუმენტი</comment>
  <comment xml:lang="kk">txt2tags құжаты</comment>
  <comment xml:lang="ko">txt2tags 문서</comment>
  <comment xml:lang="lt">txt2tags dokumentas</comment>
  <comment xml:lang="lv">txt2tags dokuments</comment>
  <comment xml:lang="nb">txt2tags-dokument</comment>
  <comment xml:lang="nl">txt2tags-document</comment>
  <comment xml:lang="nn">txt2tags-dokument</comment>
  <comment xml:lang="oc">document txt2tags</comment>
  <comment xml:lang="pl">Dokument txt2tags</comment>
  <comment xml:lang="pt">documento txt2tags</comment>
  <comment xml:lang="pt_BR">Documento do txt2tags</comment>
  <comment xml:lang="ro">document txt2tags</comment>
  <comment xml:lang="ru">документ txt2tags</comment>
  <comment xml:lang="sk">Dokument txt2tags</comment>
  <comment xml:lang="sl">Dokument txt2tags</comment>
  <comment xml:lang="sq">Dokument txt2tags</comment>
  <comment xml:lang="sr">документ текста-у-ознаке</comment>
  <comment xml:lang="sv">txt2tags-dokument</comment>
  <comment xml:lang="tr">txt2tags belgesi</comment>
  <comment xml:lang="uk">документ txt2tags</comment>
  <comment xml:lang="vi">tài liệu txt2tags</comment>
  <comment xml:lang="zh_CN">txt2tags 文档</comment>
  <comment xml:lang="zh_TW">txt2tags 文件</comment>
  <sub-class-of type="text/plain"/>
  <glob pattern="*.t2t"/>
</mime-type>
