<?xml version="1.0" encoding="utf-8"?>
<mime-type xmlns="http://www.freedesktop.org/standards/shared-mime-info" type="application/ld+json">
  <!--Created automatically by update-mime-database. DO NOT EDIT!-->
  <comment>JSON-LD document</comment>
  <comment xml:lang="ca">document JSON-LD</comment>
  <comment xml:lang="cs">dokument JSON-LD</comment>
  <comment xml:lang="da">JSON-LD-dokument</comment>
  <comment xml:lang="de">JSON-LD-Dokument</comment>
  <comment xml:lang="el">Έγγραφο JSON-LD</comment>
  <comment xml:lang="en_GB">JSON-LD document</comment>
  <comment xml:lang="es">documento JSON-LD</comment>
  <comment xml:lang="eu">JSON-LD dokumentua</comment>
  <comment xml:lang="fi">JSON-LD-asiakirja</comment>
  <comment xml:lang="fr">document JSON-LD</comment>
  <comment xml:lang="he">מסמך JSON-LD</comment>
  <comment xml:lang="hr">JSON-LD dokument</comment>
  <comment xml:lang="hu">JSON-LD dokumentum</comment>
  <comment xml:lang="ia">Documento JSON-LD</comment>
  <comment xml:lang="id">Dokumen JSON-LD</comment>
  <comment xml:lang="it">Documento JSON-LD</comment>
  <comment xml:lang="kk">JSON-LD құжаты</comment>
  <comment xml:lang="ko">JSON-LD 문서</comment>
  <comment xml:lang="oc">Document JSON-LD</comment>
  <comment xml:lang="pl">Dokument JSON-LD</comment>
  <comment xml:lang="pt">documento JSON-LD</comment>
  <comment xml:lang="pt_BR">Documento JSON-LD</comment>
  <comment xml:lang="ru">документ JSON-LD</comment>
  <comment xml:lang="sk">Dokument JSON-LD</comment>
  <comment xml:lang="sr">ЈСОН-ЛД документ</comment>
  <comment xml:lang="sv">JSON-LD-dokument</comment>
  <comment xml:lang="tr">JSON-LD belgesi</comment>
  <comment xml:lang="uk">документ JSON-LD</comment>
  <comment xml:lang="zh_CN">JSON-LD 文档</comment>
  <comment xml:lang="zh_TW">JSON-LD 文件</comment>
  <acronym>JSON-LD</acronym>
  <expanded-acronym>JavaScript Object Notation for Linked Data</expanded-acronym>
  <sub-class-of type="application/json"/>
  <generic-icon name="text-x-script"/>
  <glob pattern="*.jsonld"/>
</mime-type>
