<?xml version="1.0" encoding="utf-8"?>
<mime-type xmlns="http://www.freedesktop.org/standards/shared-mime-info" type="application/owl+xml">
  <!--Created automatically by update-mime-database. DO NOT EDIT!-->
  <comment>OWL XML file</comment>
  <comment xml:lang="ca">fitxer XML OWL</comment>
  <comment xml:lang="cs">soubor OWL XML</comment>
  <comment xml:lang="da">OWL XML-fil</comment>
  <comment xml:lang="de">OWL-XML-Datei</comment>
  <comment xml:lang="el">Αρχείο OWL XML</comment>
  <comment xml:lang="en_GB">OWL XML file</comment>
  <comment xml:lang="es">archivo en XML OWL</comment>
  <comment xml:lang="eu">OWL XML fitxategia</comment>
  <comment xml:lang="fr">fichier XML OWL</comment>
  <comment xml:lang="hr">OWL XML datoteka</comment>
  <comment xml:lang="hu">OWL XML-fájl</comment>
  <comment xml:lang="ia">File XML OWL</comment>
  <comment xml:lang="id">Berkas XML OWL</comment>
  <comment xml:lang="it">File XML OWL</comment>
  <comment xml:lang="kk">OWL XML файлы</comment>
  <comment xml:lang="ko">OWL XML 파일</comment>
  <comment xml:lang="oc">fichièr OWL XML</comment>
  <comment xml:lang="pl">Plik XML OWL</comment>
  <comment xml:lang="pt">ficheiro OWL XML</comment>
  <comment xml:lang="pt_BR">Arquivo OWL XML</comment>
  <comment xml:lang="ru">файл XML OWL</comment>
  <comment xml:lang="sk">Súbor XML OWL</comment>
  <comment xml:lang="sr">ОВЛ ИксМЛ датотека</comment>
  <comment xml:lang="sv">OWL XML-fil</comment>
  <comment xml:lang="tr">OWL XML dosyası</comment>
  <comment xml:lang="uk">файл XML OWL</comment>
  <comment xml:lang="zh_CN">OWL XML 文件</comment>
  <comment xml:lang="zh_TW">OWL XML 檔案</comment>
  <acronym>OWL</acronym>
  <expanded-acronym>Web Ontology Language</expanded-acronym>
  <sub-class-of type="application/xml"/>
  <glob pattern="*.owx"/>
</mime-type>
