<?xml version="1.0" encoding="utf-8"?>
<mime-type xmlns="http://www.freedesktop.org/standards/shared-mime-info" type="application/vnd.ms-excel.addin.macroEnabled.12">
  <!--Created automatically by update-mime-database. DO NOT EDIT!-->
  <comment>Excel add-in</comment>
  <comment xml:lang="bg">Приставка — Excel</comment>
  <comment xml:lang="ca">complement d'Excel</comment>
  <comment xml:lang="cs">doplněk aplikace Excel</comment>
  <comment xml:lang="da">Excel-tilføjelse</comment>
  <comment xml:lang="de">Excel Add-in</comment>
  <comment xml:lang="el">Πρόσθετο Excel</comment>
  <comment xml:lang="en_GB">Excel add-in</comment>
  <comment xml:lang="es">complemento de Excel</comment>
  <comment xml:lang="eu">Excel gehigarria</comment>
  <comment xml:lang="fi">Excel-lisäosa</comment>
  <comment xml:lang="fr">complément Excel</comment>
  <comment xml:lang="gl">complemento de Excel</comment>
  <comment xml:lang="he">תוסף של Excel</comment>
  <comment xml:lang="hr">Excel priključak</comment>
  <comment xml:lang="hu">Excel bővítmény</comment>
  <comment xml:lang="ia">Add-in Excel</comment>
  <comment xml:lang="id">Add-in Excel</comment>
  <comment xml:lang="it">Add-in Excel</comment>
  <comment xml:lang="ja">Excel アドイン</comment>
  <comment xml:lang="ka">Excel-ის დამატება</comment>
  <comment xml:lang="kk">Excel қосымшасы</comment>
  <comment xml:lang="ko">Excel 추가 기능</comment>
  <comment xml:lang="lv">Excel pievienojumprogramma</comment>
  <comment xml:lang="nl">Excel add-in</comment>
  <comment xml:lang="oc">complement Excel</comment>
  <comment xml:lang="pl">Dodatek Excel</comment>
  <comment xml:lang="pt">Extensão Excel</comment>
  <comment xml:lang="pt_BR">Suplemento do Excel</comment>
  <comment xml:lang="ru">дополнение Excel</comment>
  <comment xml:lang="sk">Doplnok aplikácie Excel</comment>
  <comment xml:lang="sl">Vstavek Excel</comment>
  <comment xml:lang="sr">Екселов додатак</comment>
  <comment xml:lang="sv">Excel-tillägg</comment>
  <comment xml:lang="tr">Excel eklentisi</comment>
  <comment xml:lang="uk">додаток Excel</comment>
  <comment xml:lang="zh_CN">Excel 附加组件</comment>
  <comment xml:lang="zh_TW">Excel 增益集</comment>
  <generic-icon name="x-office-spreadsheet"/>
  <glob pattern="*.xlam"/>
  <sub-class-of type="application/vnd.openxmlformats-officedocument.spreadsheetml.sheet"/>
</mime-type>
