<?xml version="1.0" encoding="utf-8"?>
<mime-type xmlns="http://www.freedesktop.org/standards/shared-mime-info" type="application/vnd.ms-powerpoint.addin.macroEnabled.12">
  <!--Created automatically by update-mime-database. DO NOT EDIT!-->
  <comment>PowerPoint add-in</comment>
  <comment xml:lang="bg">Приставка — PowerPoint</comment>
  <comment xml:lang="ca">complement de PowerPoint</comment>
  <comment xml:lang="cs">doplněk PowerPoint</comment>
  <comment xml:lang="da">PowerPoint-tilføjelse</comment>
  <comment xml:lang="de">PowerPoint Add-in</comment>
  <comment xml:lang="el">Πρόσθετο PowerPoint</comment>
  <comment xml:lang="en_GB">PowerPoint add-in</comment>
  <comment xml:lang="es">complemento de PowerPoint</comment>
  <comment xml:lang="eu">PowerPoint gehigarria</comment>
  <comment xml:lang="fi">PowerPoint-lisäosa</comment>
  <comment xml:lang="fr">complément PowerPoint</comment>
  <comment xml:lang="gl">complemento de PowerPoint</comment>
  <comment xml:lang="he">תוסף של PowerPoint</comment>
  <comment xml:lang="hr">PowerPoint priključak</comment>
  <comment xml:lang="hu">PowerPoint bővítmény</comment>
  <comment xml:lang="ia">Add-in PowerPoint</comment>
  <comment xml:lang="id">Add-in PowerPoint</comment>
  <comment xml:lang="it">Add-in PowerPoint</comment>
  <comment xml:lang="ja">PowerPoint アドイン</comment>
  <comment xml:lang="ka">PowerPoint-ის დამატება</comment>
  <comment xml:lang="kk">PowerPoint қосымшасы</comment>
  <comment xml:lang="ko">PowerPoint 추가 기능</comment>
  <comment xml:lang="lv">PowerPoint pievienojumprogramma</comment>
  <comment xml:lang="nl">PowerPoint add-in</comment>
  <comment xml:lang="oc">complement PowerPoint</comment>
  <comment xml:lang="pl">Dodatek PowerPoint</comment>
  <comment xml:lang="pt">extensão PowerPoint</comment>
  <comment xml:lang="pt_BR">Suplemento do PowerPoint</comment>
  <comment xml:lang="ru">дополнение PowerPoint</comment>
  <comment xml:lang="sk">Doplnok aplikácie PowerPoint </comment>
  <comment xml:lang="sl">Vstavek PowerPoint</comment>
  <comment xml:lang="sr">Пауер Поинт додатак</comment>
  <comment xml:lang="sv">PowerPoint-tillägg</comment>
  <comment xml:lang="tr">PowerPoint eklentisi</comment>
  <comment xml:lang="uk">додаток PowerPoint</comment>
  <comment xml:lang="zh_CN">PowerPoint 附加组件</comment>
  <comment xml:lang="zh_TW">PowerPoint 增益集</comment>
  <generic-icon name="x-office-presentation"/>
  <glob pattern="*.ppam"/>
</mime-type>
