<?xml version="1.0" encoding="utf-8"?>
<mime-type xmlns="http://www.freedesktop.org/standards/shared-mime-info" type="application/vnd.oasis.opendocument.spreadsheet">
  <!--Created automatically by update-mime-database. DO NOT EDIT!-->
  <comment>ODS spreadsheet</comment>
  <comment xml:lang="ar">جدول ODS</comment>
  <comment xml:lang="be@latin">Raźlikovy arkuš ODS</comment>
  <comment xml:lang="bg">Таблица — ODS</comment>
  <comment xml:lang="ca">full de càlcul ODS</comment>
  <comment xml:lang="cs">sešit ODS</comment>
  <comment xml:lang="da">ODS-regneark</comment>
  <comment xml:lang="de">ODS-Tabelle</comment>
  <comment xml:lang="el">Λογιστικό φύλλο ODS</comment>
  <comment xml:lang="en_GB">ODS spreadsheet</comment>
  <comment xml:lang="eo">ODS-kalkultabelo</comment>
  <comment xml:lang="es">hoja de cálculo ODS</comment>
  <comment xml:lang="eu">ODS kalkulu-orria</comment>
  <comment xml:lang="fi">ODS-taulukko</comment>
  <comment xml:lang="fo">ODS rokniark</comment>
  <comment xml:lang="fr">feuille de calcul ODS</comment>
  <comment xml:lang="ga">scarbhileog ODS</comment>
  <comment xml:lang="gl">folla de cálculo ODS</comment>
  <comment xml:lang="he">גליון נתונים ODS</comment>
  <comment xml:lang="hr">ODS proračunska tablica</comment>
  <comment xml:lang="hu">ODS-táblázat</comment>
  <comment xml:lang="ia">Folio de calculo ODS</comment>
  <comment xml:lang="id">Lembar sebar ODS</comment>
  <comment xml:lang="it">Foglio di calcolo ODS</comment>
  <comment xml:lang="ja">ODS スプレッドシート</comment>
  <comment xml:lang="ka">ODS ცხრილი</comment>
  <comment xml:lang="kk">ODS электрондық кестесі</comment>
  <comment xml:lang="ko">ODS 스프레드시트</comment>
  <comment xml:lang="lt">ODS skaičialentė</comment>
  <comment xml:lang="lv">ODS izklājlapa</comment>
  <comment xml:lang="nb">ODS-regneark</comment>
  <comment xml:lang="nl">ODS-rekenblad</comment>
  <comment xml:lang="nn">ODS-rekneark</comment>
  <comment xml:lang="oc">fuèlh de calcul ODS</comment>
  <comment xml:lang="pl">Arkusz ODS</comment>
  <comment xml:lang="pt">folha de cálculo ODS</comment>
  <comment xml:lang="pt_BR">Planilha ODS</comment>
  <comment xml:lang="ro">Foaie de calcul ODS</comment>
  <comment xml:lang="ru">электронная таблица ODS</comment>
  <comment xml:lang="sk">Zošit ODS</comment>
  <comment xml:lang="sl">Preglednica ODS</comment>
  <comment xml:lang="sq">Fletë llogaritjesh ODS</comment>
  <comment xml:lang="sr">ОДС spreadsheet</comment>
  <comment xml:lang="sv">ODS-kalkylblad</comment>
  <comment xml:lang="tr">ODS çalışma sayfası</comment>
  <comment xml:lang="uk">ел. таблиця ODS</comment>
  <comment xml:lang="vi">Bảng tính ODS</comment>
  <comment xml:lang="zh_CN">ODS 工作簿</comment>
  <comment xml:lang="zh_TW">ODS 試算表</comment>
  <acronym>ODS</acronym>
  <expanded-acronym>OpenDocument Spreadsheet</expanded-acronym>
  <generic-icon name="x-office-spreadsheet"/>
  <glob pattern="*.ods"/>
</mime-type>
