<?xml version="1.0" encoding="utf-8"?>
<mime-type xmlns="http://www.freedesktop.org/standards/shared-mime-info" type="application/vnd.flatpak">
  <!--Created automatically by update-mime-database. DO NOT EDIT!-->
  <comment>Flatpak application bundle</comment>
  <comment xml:lang="ca">paquet d'aplicació Flatpak</comment>
  <comment xml:lang="da">Flatpak-programsamling</comment>
  <comment xml:lang="de">Flatpak-Anwendungspaket</comment>
  <comment xml:lang="es">paquete de aplicación Flatpak</comment>
  <comment xml:lang="fr">lot applicatif Flatpak</comment>
  <comment xml:lang="hu">Flatpak alkalmazáscsomag</comment>
  <comment xml:lang="kk">Flatpak қолданбалар дестесі</comment>
  <comment xml:lang="ko">Flatpak 프로그램 번들</comment>
  <comment xml:lang="pl">Pakiet programu Flatpak</comment>
  <comment xml:lang="pt_BR">Pacote de aplicativo Flatpak</comment>
  <comment xml:lang="ru">пакет приложений Flatpak</comment>
  <comment xml:lang="sk">Balík aplikácií Flatpak</comment>
  <comment xml:lang="uk">пакунок із програмами Flatpak</comment>
  <comment xml:lang="zh_CN">Flatpak 应用包</comment>
  <comment xml:lang="zh_TW">Flatpak 應用程式套組</comment>
  <generic-icon name="package-x-generic"/>
  <glob pattern="*.flatpak"/>
  <glob pattern="*.xdgapp"/>
  <alias type="application/vnd.xdgapp"/>
</mime-type>
