<?xml version="1.0" encoding="utf-8"?>
<mime-type xmlns="http://www.freedesktop.org/standards/shared-mime-info" type="application/vnd.ms-visio.stencil.main+xml">
  <!--Created automatically by update-mime-database. DO NOT EDIT!-->
  <comment>Office Open XML Visio Stencil</comment>
  <comment xml:lang="ca">patró en Office Open XML de Visio</comment>
  <comment xml:lang="cs">objekty Office Open XML Visio</comment>
  <comment xml:lang="da">Office Open XML Visio-stencil</comment>
  <comment xml:lang="de">Office-Open-XML-Visio-Schablone</comment>
  <comment xml:lang="en_GB">Office Open XML Visio Stencil</comment>
  <comment xml:lang="es">esténcil en OOXML de Visio</comment>
  <comment xml:lang="fi">Office Open XML Visio -kaavio</comment>
  <comment xml:lang="fr">stencil Visio Office Open XML</comment>
  <comment xml:lang="he">דגם ל־Visio ב־Open XML מבית Office</comment>
  <comment xml:lang="hr">Office Open XML Visio šablona</comment>
  <comment xml:lang="hu">Office Open XML Visio stencil</comment>
  <comment xml:lang="ia">Stencil Office Open XML Visio</comment>
  <comment xml:lang="id">Stensil Visio Office Open XML</comment>
  <comment xml:lang="it">Stencil Visio Office Open XML</comment>
  <comment xml:lang="kk">Office Open XML пішімінің Visio трафареті</comment>
  <comment xml:lang="ko">오피스 오픈 XML 비지오 스텐실</comment>
  <comment xml:lang="pl">Wzór Office Open XML Visio</comment>
  <comment xml:lang="pt">Stencil Office Open XML Visio</comment>
  <comment xml:lang="pt_BR">Estêncil do Visio em Office Open XML</comment>
  <comment xml:lang="ru">трафарет Visio формата Office Open XML</comment>
  <comment xml:lang="sk">Objekt aplikácie Visio Office Open XML</comment>
  <comment xml:lang="sr">Офис опен ИксМЛ Визио шаблон</comment>
  <comment xml:lang="sv">Office Open XML Visio-stencil</comment>
  <comment xml:lang="tr">Office Open XML Visio Kalıbı</comment>
  <comment xml:lang="uk">трафарет Visio у форматі Office Open XML</comment>
  <comment xml:lang="zh_CN">OOXML Visio 模具</comment>
  <comment xml:lang="zh_TW">Office Open XML Visio 圖形樣本</comment>
  <generic-icon name="image-x-generic"/>
  <glob pattern="*.vssx"/>
  <sub-class-of type="application/zip"/>
</mime-type>
