<?xml version="1.0" encoding="utf-8"?>
<mime-type xmlns="http://www.freedesktop.org/standards/shared-mime-info" type="application/vnd.oasis.opendocument.text-web">
  <!--Created automatically by update-mime-database. DO NOT EDIT!-->
  <comment>OTH template</comment>
  <comment xml:lang="ar">قالب OTH</comment>
  <comment xml:lang="be@latin">Šablon OTH</comment>
  <comment xml:lang="bg">Шаблон за страници — OTH</comment>
  <comment xml:lang="ca">plantilla OTH</comment>
  <comment xml:lang="cs">šablona OTH</comment>
  <comment xml:lang="da">OTH-skabelon</comment>
  <comment xml:lang="de">OTH-Vorlage</comment>
  <comment xml:lang="el">Πρότυπο OTH</comment>
  <comment xml:lang="en_GB">OTH template</comment>
  <comment xml:lang="eo">OTH-ŝablono</comment>
  <comment xml:lang="es">plantilla OTH</comment>
  <comment xml:lang="eu">OTH txantiloia</comment>
  <comment xml:lang="fi">OTH-malli</comment>
  <comment xml:lang="fo">OTH formur</comment>
  <comment xml:lang="fr">modèle OTH</comment>
  <comment xml:lang="ga">teimpléad OTH</comment>
  <comment xml:lang="gl">modelo OTH</comment>
  <comment xml:lang="he">תבנית OTH</comment>
  <comment xml:lang="hr">OTH predložak</comment>
  <comment xml:lang="hu">OTH-sablon</comment>
  <comment xml:lang="ia">Patrono OTH</comment>
  <comment xml:lang="id">Templat OTH</comment>
  <comment xml:lang="it">Modello OTH</comment>
  <comment xml:lang="ja">OTH テンプレート</comment>
  <comment xml:lang="ka">OTH შაბლონი</comment>
  <comment xml:lang="kk">OTH үлгісі</comment>
  <comment xml:lang="ko">OTH 문서 서식</comment>
  <comment xml:lang="lt">OTH šablonas</comment>
  <comment xml:lang="lv">OTH veidne</comment>
  <comment xml:lang="nb">OTH-mal</comment>
  <comment xml:lang="nl">OTH-sjabloon</comment>
  <comment xml:lang="nn">OTH-mal</comment>
  <comment xml:lang="oc">modèl OTH</comment>
  <comment xml:lang="pl">Szablon OTH</comment>
  <comment xml:lang="pt">modelo OTH</comment>
  <comment xml:lang="pt_BR">Modelo OTH</comment>
  <comment xml:lang="ro">Șablon OTH</comment>
  <comment xml:lang="ru">шаблон OTH</comment>
  <comment xml:lang="sk">Šablóna OTH</comment>
  <comment xml:lang="sl">Predloga OTH</comment>
  <comment xml:lang="sq">Model OTH</comment>
  <comment xml:lang="sr">ОТХ шаблон</comment>
  <comment xml:lang="sv">OTH-mall</comment>
  <comment xml:lang="tr">OTH şablonu</comment>
  <comment xml:lang="uk">шаблон OTH</comment>
  <comment xml:lang="vi">Mẫu ODH</comment>
  <comment xml:lang="zh_CN">OTH 模板</comment>
  <comment xml:lang="zh_TW">OTH 範本</comment>
  <acronym>OTH</acronym>
  <expanded-acronym>OpenDocument HTML</expanded-acronym>
  <generic-icon name="text-html"/>
  <glob pattern="*.oth"/>
</mime-type>
