<?xml version="1.0" encoding="utf-8"?>
<mime-type xmlns="http://www.freedesktop.org/standards/shared-mime-info" type="application/vnd.ms-visio.drawing.main+xml">
  <!--Created automatically by update-mime-database. DO NOT EDIT!-->
  <comment>Office Open XML Visio Drawing</comment>
  <comment xml:lang="ca">dibuix en Office Open XML de Visio</comment>
  <comment xml:lang="cs">kresba Office Open XML Visio</comment>
  <comment xml:lang="da">Office Open XML Visio-tegning</comment>
  <comment xml:lang="de">Office-Open-XML-Visio-Zeichnung</comment>
  <comment xml:lang="el">Σχέδιο Office Open XML Visio</comment>
  <comment xml:lang="en_GB">Office Open XML Visio Drawing</comment>
  <comment xml:lang="es">dibujo en OOXML de Visio</comment>
  <comment xml:lang="eu">Office Open XML Visio marrazkia</comment>
  <comment xml:lang="fi">Office Open XML Visio -piirros</comment>
  <comment xml:lang="fr">dessin Visio Office Open XML</comment>
  <comment xml:lang="he">ציור Visio ב־Open XML מבית Office</comment>
  <comment xml:lang="hr">Office Open XML Visio crtež</comment>
  <comment xml:lang="hu">Office Open XML Visio rajz</comment>
  <comment xml:lang="ia">Designo Office Open XML Visio</comment>
  <comment xml:lang="id">Gambar Visio Office Open XML</comment>
  <comment xml:lang="it">Disegno Visio Office Open XML</comment>
  <comment xml:lang="kk">Office Open XML Visio суреті</comment>
  <comment xml:lang="ko">오피스 오픈 XML 비지오 드로잉</comment>
  <comment xml:lang="pl">Rysunek Office Open XML Visio</comment>
  <comment xml:lang="pt">desenho Office Open XML Visio</comment>
  <comment xml:lang="pt_BR">Desenho do Visio em Office Open XML</comment>
  <comment xml:lang="ru">схема Visio формата Office Open XML</comment>
  <comment xml:lang="sk">Kresba aplikácie Visio Office Open XML</comment>
  <comment xml:lang="sr">Офис опен ИксМЛ Визио цртање</comment>
  <comment xml:lang="sv">Office Open XML Visio-teckning</comment>
  <comment xml:lang="tr">Office Open XML Visio Çizimi</comment>
  <comment xml:lang="uk">схема VIisio у форматі Office Open XML</comment>
  <comment xml:lang="zh_CN">OOXML Visio 绘图</comment>
  <comment xml:lang="zh_TW">Office Open XML Visio 繪圖</comment>
  <generic-icon name="image-x-generic"/>
  <glob pattern="*.vsdx"/>
  <sub-class-of type="application/zip"/>
</mime-type>
