<?xml version="1.0" encoding="utf-8"?>
<mime-type xmlns="http://www.freedesktop.org/standards/shared-mime-info" type="application/x-asp">
  <!--Created automatically by update-mime-database. DO NOT EDIT!-->
  <comment>ASP page</comment>
  <comment xml:lang="ar">صفحة ASP</comment>
  <comment xml:lang="be@latin">Staronka ASP</comment>
  <comment xml:lang="bg">Страница — ASP</comment>
  <comment xml:lang="ca">pàgina ASP</comment>
  <comment xml:lang="cs">stránka ASP</comment>
  <comment xml:lang="da">ASP-side</comment>
  <comment xml:lang="de">ASP-Seite</comment>
  <comment xml:lang="el">Σελίδα ASP</comment>
  <comment xml:lang="en_GB">ASP page</comment>
  <comment xml:lang="eo">ASP-paĝo</comment>
  <comment xml:lang="es">página ASP</comment>
  <comment xml:lang="eu">ASP orria</comment>
  <comment xml:lang="fi">ASP-sivu</comment>
  <comment xml:lang="fo">ASP síða</comment>
  <comment xml:lang="fr">page ASP</comment>
  <comment xml:lang="ga">leathanach ASP</comment>
  <comment xml:lang="gl">páxina ASP</comment>
  <comment xml:lang="he">עמוד ASP</comment>
  <comment xml:lang="hr">ASP stranica</comment>
  <comment xml:lang="hu">ASP oldal</comment>
  <comment xml:lang="ia">Pagina ASP</comment>
  <comment xml:lang="id">Halaman ASP</comment>
  <comment xml:lang="it">Pagina ASP</comment>
  <comment xml:lang="ja">ASP ページ</comment>
  <comment xml:lang="ka">ASP გვერდი</comment>
  <comment xml:lang="kk">ASP парағы</comment>
  <comment xml:lang="ko">ASP 페이지</comment>
  <comment xml:lang="lt">ASP puslapis</comment>
  <comment xml:lang="lv">ASP lapa</comment>
  <comment xml:lang="nb">ASP-side</comment>
  <comment xml:lang="nl">ASP-pagina</comment>
  <comment xml:lang="nn">ASP-side</comment>
  <comment xml:lang="oc">pagina ASP</comment>
  <comment xml:lang="pl">Strona ASP</comment>
  <comment xml:lang="pt">página ASP</comment>
  <comment xml:lang="pt_BR">Página ASP</comment>
  <comment xml:lang="ro">Pagină ASP</comment>
  <comment xml:lang="ru">страница ASP</comment>
  <comment xml:lang="sk">Stránka ASP</comment>
  <comment xml:lang="sl">Datoteka spletne strani ASP</comment>
  <comment xml:lang="sq">Faqe ASP</comment>
  <comment xml:lang="sr">АСП страница</comment>
  <comment xml:lang="sv">ASP-sida</comment>
  <comment xml:lang="tr">ASP sayfası</comment>
  <comment xml:lang="uk">сторінка ASP</comment>
  <comment xml:lang="vi">Trang ASP</comment>
  <comment xml:lang="zh_CN">ASP 页面</comment>
  <comment xml:lang="zh_TW">ASP 頁面</comment>
  <acronym>ASP</acronym>
  <expanded-acronym>Active Server Page</expanded-acronym>
  <sub-class-of type="text/plain"/>
  <generic-icon name="text-x-script"/>
  <glob pattern="*.asp"/>
</mime-type>
