<?xml version="1.0" encoding="utf-8"?>
<mime-type xmlns="http://www.freedesktop.org/standards/shared-mime-info" type="application/x-bsdiff">
  <!--Created automatically by update-mime-database. DO NOT EDIT!-->
  <comment>binary differences between files</comment>
  <comment xml:lang="ca">diferencies binàries entre fitxers</comment>
  <comment xml:lang="da">binære forskelle mellem filer</comment>
  <comment xml:lang="de">binäre Unterschiede zwischen Dateien</comment>
  <comment xml:lang="es">diferencias entre archivos binarios</comment>
  <comment xml:lang="fr">différences binaires entre fichiers</comment>
  <comment xml:lang="he">הבדלים בינריים בין קבצים</comment>
  <comment xml:lang="hu">bináris különbségfájl</comment>
  <comment xml:lang="kk">файлдар арасындағы бинарлық айырмашылықтар</comment>
  <comment xml:lang="ko">바이너리 차이 비교 파일</comment>
  <comment xml:lang="pl">Binarna różnica pomiędzy plikami</comment>
  <comment xml:lang="pt_BR">Diferenças binárias entre arquivos</comment>
  <comment xml:lang="ru">двоичные различия между файлами</comment>
  <comment xml:lang="sk">Binárne rozdiely medzi súbormi</comment>
  <comment xml:lang="uk">двійкова різниця між файлами</comment>
  <comment xml:lang="zh_CN">文件的二进制区别</comment>
  <comment xml:lang="zh_TW">檔案間的二進位差異</comment>
  <glob pattern="*.bsdiff"/>
</mime-type>
