<?xml version="1.0" encoding="utf-8"?>
<mime-type xmlns="http://www.freedesktop.org/standards/shared-mime-info" type="application/x-font-ttx">
  <!--Created automatically by update-mime-database. DO NOT EDIT!-->
  <comment>TrueType XML font</comment>
  <comment xml:lang="ar">خط TrueType XML</comment>
  <comment xml:lang="be@latin">Šryft TrueType XML</comment>
  <comment xml:lang="bg">Шрифт — TrueType XML</comment>
  <comment xml:lang="ca">tipus de lletra TrueType XML</comment>
  <comment xml:lang="cs">písmo TrueType XML</comment>
  <comment xml:lang="da">TrueType XML-skrifttype</comment>
  <comment xml:lang="de">TrueType-XML-Schrift</comment>
  <comment xml:lang="el">Γραμματοσειρά XML TrueType</comment>
  <comment xml:lang="en_GB">TrueType XML font</comment>
  <comment xml:lang="es">tipo de letra TrueType XML</comment>
  <comment xml:lang="eu">TrueType XML letra-tipoa</comment>
  <comment xml:lang="fi">TrueType-XML-fontti</comment>
  <comment xml:lang="fo">TrueType XML stavasnið</comment>
  <comment xml:lang="fr">police Truetype XML</comment>
  <comment xml:lang="ga">cló XML TrueType</comment>
  <comment xml:lang="gl">tipo de letra TrueType XML</comment>
  <comment xml:lang="he">גופן XML מסוג TrueType</comment>
  <comment xml:lang="hr">TrueType XML font</comment>
  <comment xml:lang="hu">TrueType XML betűkészlet</comment>
  <comment xml:lang="ia">Typo de litteras TrueType XML</comment>
  <comment xml:lang="id">Fonta TrueType XML</comment>
  <comment xml:lang="it">Carattere TrueType XML</comment>
  <comment xml:lang="ja">TrueType XML フォント</comment>
  <comment xml:lang="kk">TrueType XML қарібі</comment>
  <comment xml:lang="ko">트루타입 XML 글꼴</comment>
  <comment xml:lang="lt">TrueType XML šriftas</comment>
  <comment xml:lang="lv">TrueType XML fonts</comment>
  <comment xml:lang="nb">TrueType XML-skrift</comment>
  <comment xml:lang="nl">TrueType XML-lettertype</comment>
  <comment xml:lang="nn">TrueType XML-skrifttype</comment>
  <comment xml:lang="oc">poliça Truetype XML</comment>
  <comment xml:lang="pl">Czcionka TrueType XML</comment>
  <comment xml:lang="pt">letra TrueType XML</comment>
  <comment xml:lang="pt_BR">Fonte TrueType XML</comment>
  <comment xml:lang="ro">Font XML TrueType</comment>
  <comment xml:lang="ru">шрифт TrueType XML</comment>
  <comment xml:lang="sk">Písmo TrueType XML</comment>
  <comment xml:lang="sl">Datoteka pisave TrueType XML</comment>
  <comment xml:lang="sq">Lloj gërme TrueType XML</comment>
  <comment xml:lang="sr">Трутајп ИксМЛ слова</comment>
  <comment xml:lang="sv">Truetype XML-typsnitt</comment>
  <comment xml:lang="tr">TrueType XML fontu</comment>
  <comment xml:lang="uk">шрифт TrueType XML</comment>
  <comment xml:lang="vi">Phông chữ XML TrueType</comment>
  <comment xml:lang="zh_CN">TrueType XML 字体</comment>
  <comment xml:lang="zh_TW">TrueType XML 字型</comment>
  <sub-class-of type="application/xml"/>
  <generic-icon name="font-x-generic"/>
  <glob pattern="*.ttx"/>
</mime-type>
