<?xml version="1.0" encoding="utf-8"?>
<mime-type xmlns="http://www.freedesktop.org/standards/shared-mime-info" type="application/x-go-sgf">
  <!--Created automatically by update-mime-database. DO NOT EDIT!-->
  <comment>SGF record</comment>
  <comment xml:lang="ar">تسجيلة SGF</comment>
  <comment xml:lang="be@latin">Zapisanaja hulnia SGF</comment>
  <comment xml:lang="bg">Запис — SGF</comment>
  <comment xml:lang="ca">registre SGF</comment>
  <comment xml:lang="cs">nahrávka SGF</comment>
  <comment xml:lang="da">SGF-optagelse</comment>
  <comment xml:lang="de">SGF-Aufzeichnung</comment>
  <comment xml:lang="el">Εγγραφή SGF</comment>
  <comment xml:lang="en_GB">SGF record</comment>
  <comment xml:lang="es">grabación SGF</comment>
  <comment xml:lang="eu">SGF erregistroa</comment>
  <comment xml:lang="fi">SGF-nauhoitus</comment>
  <comment xml:lang="fo">SGF met</comment>
  <comment xml:lang="fr">partie SGF</comment>
  <comment xml:lang="ga">taifead SGF</comment>
  <comment xml:lang="gl">Grabación SGF</comment>
  <comment xml:lang="he">הקלטת SGF</comment>
  <comment xml:lang="hr">SGF zapis</comment>
  <comment xml:lang="hu">SGF pontszám</comment>
  <comment xml:lang="ia">Partita SGF</comment>
  <comment xml:lang="id">Catatan SGF</comment>
  <comment xml:lang="it">Registrazione SGF</comment>
  <comment xml:lang="ja">SGF レコード</comment>
  <comment xml:lang="kk">SGF жазбасы</comment>
  <comment xml:lang="ko">SGF 기록 파일</comment>
  <comment xml:lang="lt">SGF įrašas</comment>
  <comment xml:lang="lv">SGF ieraksts</comment>
  <comment xml:lang="nb">SGF-oppføring</comment>
  <comment xml:lang="nl">SGF-record</comment>
  <comment xml:lang="nn">SGF-logg</comment>
  <comment xml:lang="oc">partida SGF</comment>
  <comment xml:lang="pl">Zapis gry SGF</comment>
  <comment xml:lang="pt">gravação SGF</comment>
  <comment xml:lang="pt_BR">Gravação SGF</comment>
  <comment xml:lang="ro">Înregistrare SGF</comment>
  <comment xml:lang="ru">запись SGF</comment>
  <comment xml:lang="sk">Záznam SGF</comment>
  <comment xml:lang="sl">Datoteka shranjene igre SGF</comment>
  <comment xml:lang="sq">Regjistrim SGF</comment>
  <comment xml:lang="sr">СГФ запис</comment>
  <comment xml:lang="sv">SGF-protokoll</comment>
  <comment xml:lang="tr">SGF kaydı</comment>
  <comment xml:lang="uk">запис SGF</comment>
  <comment xml:lang="vi">Mục ghi SGF</comment>
  <comment xml:lang="zh_CN">SGF 记录</comment>
  <comment xml:lang="zh_TW">SGF 紀錄</comment>
  <acronym>SGF</acronym>
  <expanded-acronym>Smart Game Format</expanded-acronym>
  <generic-icon name="text-x-generic"/>
  <glob pattern="*.sgf"/>
  <sub-class-of type="text/plain"/>
</mime-type>
