<?xml version="1.0" encoding="utf-8"?>
<mime-type xmlns="http://www.freedesktop.org/standards/shared-mime-info" type="application/x-iso9660-appimage">
  <!--Created automatically by update-mime-database. DO NOT EDIT!-->
  <comment>AppImage application bundle</comment>
  <comment xml:lang="ca">paquet d'aplicació AppImage</comment>
  <comment xml:lang="da">Applmage-programsamling</comment>
  <comment xml:lang="de">AppImage-Anwendungspaket</comment>
  <comment xml:lang="es">paquete de aplicación AppImage</comment>
  <comment xml:lang="fr">lot applicatif AppImage</comment>
  <comment xml:lang="he">חבילת יישומי AppImage</comment>
  <comment xml:lang="hu">AppImage alkalmazáscsomag</comment>
  <comment xml:lang="kk">AppImage қолданбалар дестесі</comment>
  <comment xml:lang="ko">AppImage 프로그램 번들</comment>
  <comment xml:lang="pl">Pakiet programu AppImage</comment>
  <comment xml:lang="pt_BR">Pacote de aplicativo AppImage</comment>
  <comment xml:lang="ru">пакет приложений AppImage</comment>
  <comment xml:lang="sk">Balík aplikácií AppImage</comment>
  <comment xml:lang="uk">пакунок із програмами AppImage</comment>
  <comment xml:lang="zh_CN">AppImage 应用包</comment>
  <comment xml:lang="zh_TW">AppImage 應用程式套組</comment>
  <sub-class-of type="application/x-executable"/>
  <sub-class-of type="application/x-iso9660-image"/>
  <generic-icon name="application-x-executable"/>
  <glob pattern="*.appimage"/>
  <glob pattern="*.AppImage"/>
</mime-type>
