<?xml version="1.0" encoding="utf-8"?>
<mime-type xmlns="http://www.freedesktop.org/standards/shared-mime-info" type="application/x-java-keystore">
  <!--Created automatically by update-mime-database. DO NOT EDIT!-->
  <comment>Java keystore</comment>
  <comment xml:lang="ar">مخزن مفاتيح جافا</comment>
  <comment xml:lang="bg">Ключодържател — Java</comment>
  <comment xml:lang="ca">magatzem de claus de Java</comment>
  <comment xml:lang="cs">úložiště klíčů Java</comment>
  <comment xml:lang="da">Javanøglelager</comment>
  <comment xml:lang="de">Java-Schlüsselbund</comment>
  <comment xml:lang="el">Χώρος αποθήκευσης κλειδιών Java</comment>
  <comment xml:lang="en_GB">Java keystore</comment>
  <comment xml:lang="es">almacén de claves de Java</comment>
  <comment xml:lang="eu">Java-ren gako-biltegia</comment>
  <comment xml:lang="fi">Java-avainvarasto</comment>
  <comment xml:lang="fo">Java lyklagoymsla</comment>
  <comment xml:lang="fr">stockage de clés Java</comment>
  <comment xml:lang="ga">eochairstór Java</comment>
  <comment xml:lang="gl">almacén de chaves de Java</comment>
  <comment xml:lang="he">אחסון מפתחות של Java</comment>
  <comment xml:lang="hr">Java baza ključeva</comment>
  <comment xml:lang="hu">Java kulcstároló</comment>
  <comment xml:lang="ia">Magazin de claves Java</comment>
  <comment xml:lang="id">Penyimpanan kunci Java</comment>
  <comment xml:lang="it">Keystore Java</comment>
  <comment xml:lang="ja">Java キーストア</comment>
  <comment xml:lang="kk">Java сақталымы</comment>
  <comment xml:lang="ko">Java 키 저장소</comment>
  <comment xml:lang="lt">Java raktų saugykla</comment>
  <comment xml:lang="lv">Java keystore</comment>
  <comment xml:lang="nl">Java keystore</comment>
  <comment xml:lang="oc">emmagazinatge de claus Java</comment>
  <comment xml:lang="pl">Baza kluczy Java</comment>
  <comment xml:lang="pt">armazém de chaves Java</comment>
  <comment xml:lang="pt_BR">Keystore de Java</comment>
  <comment xml:lang="ro">Stocare chei Java</comment>
  <comment xml:lang="ru">хранилище ключей Java</comment>
  <comment xml:lang="sk">Úložisko kľúčov Java</comment>
  <comment xml:lang="sl">Datoteka tipkovne razporeditve Java</comment>
  <comment xml:lang="sr">смештај кључа Јаве</comment>
  <comment xml:lang="sv">Java-nyckellager</comment>
  <comment xml:lang="tr">Java deposu</comment>
  <comment xml:lang="uk">сховище ключів Java</comment>
  <comment xml:lang="zh_CN">Java 密钥库</comment>
  <comment xml:lang="zh_TW">Java 金鑰儲存</comment>
  <glob pattern="*.jks"/>
  <glob pattern="*.ks"/>
  <glob pattern="cacerts"/>
</mime-type>
