<?xml version="1.0" encoding="utf-8"?>
<mime-type xmlns="http://www.freedesktop.org/standards/shared-mime-info" type="application/x-lz4-compressed-tar">
  <!--Created automatically by update-mime-database. DO NOT EDIT!-->
  <comment>Tar archive (LZ4-compressed)</comment>
  <comment xml:lang="ca">arxiu tar (amb compressió LZ4)</comment>
  <comment xml:lang="da">Tar-arkiv (LZ4-komprimeret)</comment>
  <comment xml:lang="de">Tar-Archiv (LZ4-komprimiert)</comment>
  <comment xml:lang="es">archivador Tar (comprimido con LZ4)</comment>
  <comment xml:lang="fi">Tar-arkisto (LZ4-pakattu)</comment>
  <comment xml:lang="fr">archive tar (compression LZ4)</comment>
  <comment xml:lang="he">ארכיון Tar (מכווץ ע״י LZ4)</comment>
  <comment xml:lang="hu">Tar archívum (LZ4-el tömörítve)</comment>
  <comment xml:lang="kk">Tar архиві (LZ4-пен сығылған)</comment>
  <comment xml:lang="ko">Tar 묶음 파일(LZ4 압축)</comment>
  <comment xml:lang="pl">Archiwum tar (kompresja LZ4)</comment>
  <comment xml:lang="pt_BR">Arquvio Tar (compactado com LZ4)</comment>
  <comment xml:lang="ru">архив TAR (сжатый LZ4)</comment>
  <comment xml:lang="sk">Archív tar (komprimovaný pomocou LZ4)</comment>
  <comment xml:lang="uk">архів tar (стиснений LZ4)</comment>
  <comment xml:lang="zh_CN">Tar 归档文件 (LZ4 压缩)</comment>
  <comment xml:lang="zh_TW">Tar 封存檔 (LZ4 格式壓縮)</comment>
  <generic-icon name="package-x-generic"/>
  <sub-class-of type="application/x-lz4"/>
  <glob pattern="*.tar.lz4"/>
</mime-type>
