<?xml version="1.0" encoding="utf-8"?>
<mime-type xmlns="http://www.freedesktop.org/standards/shared-mime-info" type="application/x-mimearchive">
  <!--Created automatically by update-mime-database. DO NOT EDIT!-->
  <comment>MHTML web archive</comment>
  <comment xml:lang="ca">arxiu web MHTML</comment>
  <comment xml:lang="cs">webový archiv MHTML</comment>
  <comment xml:lang="da">MHTML-netarkiv</comment>
  <comment xml:lang="de">MHTML-Webarchiv</comment>
  <comment xml:lang="el">Συμπιεσμένο αρχείο ιστού MHTML</comment>
  <comment xml:lang="en_GB">MHTML web archive</comment>
  <comment xml:lang="es">archivador web MHTML</comment>
  <comment xml:lang="eu">MHTML web artxiboa</comment>
  <comment xml:lang="fi">MHTML-kooste</comment>
  <comment xml:lang="fr">archive web MHTML</comment>
  <comment xml:lang="gl">Arquivo web MHTML</comment>
  <comment xml:lang="he">ארכיון רשת MHTML</comment>
  <comment xml:lang="hr">MHTML web arhiva</comment>
  <comment xml:lang="hu">MHTML webarchívum</comment>
  <comment xml:lang="ia">Archivo web MHTML</comment>
  <comment xml:lang="id">Arsip web MHTML</comment>
  <comment xml:lang="it">Archivio web MHTML</comment>
  <comment xml:lang="ja">MHTML Web アーカイブ</comment>
  <comment xml:lang="kk">MHTML веб архиві</comment>
  <comment xml:lang="ko">MHTML 웹 보관 파일</comment>
  <comment xml:lang="lv">MHTML tīmekļa arhīvs</comment>
  <comment xml:lang="oc">archiu web MHTML</comment>
  <comment xml:lang="pl">Archiwum witryny MHTML</comment>
  <comment xml:lang="pt">arquivo web MHTML</comment>
  <comment xml:lang="pt_BR">Pacote web MHTML</comment>
  <comment xml:lang="ru">веб-архив MHTML</comment>
  <comment xml:lang="sk">Webový archív MHTML</comment>
  <comment xml:lang="sl">Spletni arhiv MHTML</comment>
  <comment xml:lang="sr">МХТМЛ веб архива</comment>
  <comment xml:lang="sv">MHTML-webbarkiv</comment>
  <comment xml:lang="tr">MHTML web arşivi</comment>
  <comment xml:lang="uk">вебархів MHTML</comment>
  <comment xml:lang="zh_CN">MHTML 网络归档</comment>
  <comment xml:lang="zh_TW">MHTML 網頁封存檔</comment>
  <acronym>MHTML</acronym>
  <expanded-acronym>MIME HTML</expanded-acronym>
  <glob pattern="*.mhtml"/>
  <glob pattern="*.mht"/>
  <sub-class-of type="multipart/related"/>
</mime-type>
