<?xml version="1.0" encoding="utf-8"?>
<mime-type xmlns="http://www.freedesktop.org/standards/shared-mime-info" type="application/x-mif">
  <!--Created automatically by update-mime-database. DO NOT EDIT!-->
  <comment>Adobe FrameMaker MIF document</comment>
  <comment xml:lang="ar">مستند أدوبي الصانع للإطارات MIF</comment>
  <comment xml:lang="be@latin">Dakument Adobe FrameMaker MIF</comment>
  <comment xml:lang="bg">Документ — Adobe FrameMaker MIF</comment>
  <comment xml:lang="ca">document MIF d'Adobe FrameMaker</comment>
  <comment xml:lang="cs">dokument Adobe FrameMaker MIF</comment>
  <comment xml:lang="da">Adobe FrameMaker MIF-dokument</comment>
  <comment xml:lang="de">Adobe-FrameMaker-MIF-Dokument</comment>
  <comment xml:lang="el">Έγγραφο MIF του Adobe FrameMaker </comment>
  <comment xml:lang="en_GB">Adobe FrameMaker MIF document</comment>
  <comment xml:lang="eo">MIF-dokumento de Adobe FrameMaker</comment>
  <comment xml:lang="es">documento MIF de Adobe FrameMaker</comment>
  <comment xml:lang="eu">Adobe FrameMaker-en MIF dokumentua</comment>
  <comment xml:lang="fi">Adobe FrameMaker MIF -asiakirja</comment>
  <comment xml:lang="fo">Adobe FrameMaker MIF skjal</comment>
  <comment xml:lang="fr">document MIF Adobe FrameMaker</comment>
  <comment xml:lang="ga">cáipéis MIF Adobe FrameMaker</comment>
  <comment xml:lang="gl">documento MIF de Adobe FrameMaker</comment>
  <comment xml:lang="he">מסמך MIF של Adobe FrameMaker</comment>
  <comment xml:lang="hr">Adobe FrameMaker MIF dokument</comment>
  <comment xml:lang="hu">Adobe FrameMaker MIF-dokumentum</comment>
  <comment xml:lang="ia">Documento MIF de Adobe FrameMaker</comment>
  <comment xml:lang="id">Dokumen Adobe FrameMaker MIF</comment>
  <comment xml:lang="it">Documento MIF Adobe FrameMaker</comment>
  <comment xml:lang="ja">Adobe FrameMaker MIF ドキュメント</comment>
  <comment xml:lang="ka">Adobe FrameMaker-ის MIF დოკუმენტი</comment>
  <comment xml:lang="kk">Adobe FrameMaker MIF құжаты</comment>
  <comment xml:lang="ko">Adobe 프레임메이커 MIF 문서</comment>
  <comment xml:lang="lt">Adobe FrameMaker MIF dokumentas</comment>
  <comment xml:lang="lv">Adobe FrameMaker MIF dokuments</comment>
  <comment xml:lang="nb">Adobe FrameMaker MIF-dokument</comment>
  <comment xml:lang="nl">Adobe FrameMaker MIF-document</comment>
  <comment xml:lang="nn">Adobe FrameMaker MIF-dokument</comment>
  <comment xml:lang="oc">document MIF Adobe FrameMaker</comment>
  <comment xml:lang="pl">Dokument MIF Adobe FrameMaker</comment>
  <comment xml:lang="pt">documento Adobe FrameMaker MIF</comment>
  <comment xml:lang="pt_BR">Documento MIF do Adobe FrameMaker</comment>
  <comment xml:lang="ro">Document Adobe FrameMaker MIF</comment>
  <comment xml:lang="ru">документ Adobe FrameMaker MIF</comment>
  <comment xml:lang="sk">Dokument Adobe FrameMaker MIF</comment>
  <comment xml:lang="sl">Dokument Adobe FrameMaker MIF</comment>
  <comment xml:lang="sq">Dokument MIF Adobe FrameMaker</comment>
  <comment xml:lang="sr">Адобе Фрејм Мејкер МИФ документ</comment>
  <comment xml:lang="sv">Adobe FrameMaker MIF-dokument</comment>
  <comment xml:lang="tr">Adobe FrameMaker MIF belgesi</comment>
  <comment xml:lang="uk">документ Adobe FrameMaker MIF</comment>
  <comment xml:lang="vi">Tài liệu Adobe FrameMaker MIF</comment>
  <comment xml:lang="zh_CN">Adobe FrameMaker MIF 文档</comment>
  <comment xml:lang="zh_TW">Adobe FrameMaker MIF 文件</comment>
  <glob pattern="*.mif"/>
</mime-type>
