<?xml version="1.0" encoding="utf-8"?>
<mime-type xmlns="http://www.freedesktop.org/standards/shared-mime-info" type="application/x-quicktime-media-link">
  <!--Created automatically by update-mime-database. DO NOT EDIT!-->
  <comment>QuickTime metalink playlist</comment>
  <comment xml:lang="ar">قائمة تشغيل QuickTime metalink</comment>
  <comment xml:lang="be@latin">śpis metaspasyłak na pieśni QuickTime</comment>
  <comment xml:lang="bg">Списък за изпълнение — QuickTime</comment>
  <comment xml:lang="ca">llista de reproducció de metaenllaços QuickTime</comment>
  <comment xml:lang="cs">seznam k přehrání metalink QuickTime</comment>
  <comment xml:lang="da">QuickTime metalink-afspilningsliste</comment>
  <comment xml:lang="de">QuickTime-Metalink-Wiedergabeliste</comment>
  <comment xml:lang="el">Λίστα αναπαραγωγής metalinks QuickTime</comment>
  <comment xml:lang="en_GB">QuickTime metalink playlist</comment>
  <comment xml:lang="es">lista de reproducción de metaenlaces QuickTime</comment>
  <comment xml:lang="eu">QuickTime meta-esteken erreprodukzio-zerrenda</comment>
  <comment xml:lang="fi">QuickTime metalink -soittolista</comment>
  <comment xml:lang="fo">QuickTime metaleinkju avspælingarlisti</comment>
  <comment xml:lang="fr">liste de lecture metalink QuickTime</comment>
  <comment xml:lang="ga">seinmliosta meiteanasc QuickTime</comment>
  <comment xml:lang="gl">lista de reprodución de metaligazóns QuickTime</comment>
  <comment xml:lang="he">רשימת השמעה מקושרת של QuickTime</comment>
  <comment xml:lang="hr">QuickTime meta poveznica popisa izvođenja</comment>
  <comment xml:lang="hu">QuickTime metalink lejátszólista</comment>
  <comment xml:lang="ia">Lista de selection Metalink QuickTime</comment>
  <comment xml:lang="id">Senarai berkas taut meta QuickTime</comment>
  <comment xml:lang="it">Playlist metalink QuickTime</comment>
  <comment xml:lang="ja">QuickTime メタリンク再生リスト</comment>
  <comment xml:lang="kk">QuickTime метасілтемелер ойнау тізімі</comment>
  <comment xml:lang="ko">퀵타임 메타링크 재생 목록</comment>
  <comment xml:lang="lt">QuickTime metanuorodos grojaraštis</comment>
  <comment xml:lang="lv">QuickTime metasaites repertuārs</comment>
  <comment xml:lang="nb">QuickTime metalink-spilleliste</comment>
  <comment xml:lang="nl">QuickTime metalink-afspeellijst</comment>
  <comment xml:lang="nn">QuickTime metalink-speleliste</comment>
  <comment xml:lang="oc">lista de lectura metalink QuickTime</comment>
  <comment xml:lang="pl">Lista odtwarzania metaodnośników QuickTime</comment>
  <comment xml:lang="pt">lista de reprodução QuickTime metalink</comment>
  <comment xml:lang="pt_BR">Lista de reprodução metalink do QuickTime</comment>
  <comment xml:lang="ro">Listă cu metalegături QuickTime</comment>
  <comment xml:lang="ru">список воспроизведения мета-ссылок QuickTime</comment>
  <comment xml:lang="sk">Zoznam skladieb metalink QuickTime</comment>
  <comment xml:lang="sl">Seznam predvajanja QuickTime</comment>
  <comment xml:lang="sq">Listë titujsh metalink QuickTime</comment>
  <comment xml:lang="sr">списак нумера мета везе Квик Тајма</comment>
  <comment xml:lang="sv">QuickTime-metalänkspellista</comment>
  <comment xml:lang="tr">QuickTime metalink çalma listesi</comment>
  <comment xml:lang="uk">список відтворення QuickTime metalink</comment>
  <comment xml:lang="vi">Danh mục nhạc siêu liên kết Quicktime</comment>
  <comment xml:lang="zh_CN">QuickTime 元链接播放列表</comment>
  <comment xml:lang="zh_TW">QuickTime metalink 播放清單</comment>
  <generic-icon name="video-x-generic"/>
  <sub-class-of type="video/quicktime"/>
  <alias type="application/x-quicktimeplayer"/>
  <glob pattern="*.qtl"/>
</mime-type>
