<?xml version="1.0" encoding="utf-8"?>
<mime-type xmlns="http://www.freedesktop.org/standards/shared-mime-info" type="application/x-sega-cd-rom">
  <!--Created automatically by update-mime-database. DO NOT EDIT!-->
  <comment>Sega CD disc image</comment>
  <comment xml:lang="ca">imatge de disc de Sega CD</comment>
  <comment xml:lang="da">Sega CD-diskaftryk</comment>
  <comment xml:lang="de">Sega-CD-Datenträgerabbild</comment>
  <comment xml:lang="es">imagen de disco CD de Sega</comment>
  <comment xml:lang="fi">Sega CD -levykuva</comment>
  <comment xml:lang="fr">image disque Sega CD</comment>
  <comment xml:lang="he">דמות כונן Sega CD</comment>
  <comment xml:lang="hu">Sega CD-lemezkép</comment>
  <comment xml:lang="kk">Sega CD диск бейнесі</comment>
  <comment xml:lang="ko">세가 CD 디스크 이미지</comment>
  <comment xml:lang="pl">Obraz płyty konsoli Mega-CD</comment>
  <comment xml:lang="pt_BR">Imagem de disco Sega CD</comment>
  <comment xml:lang="ru">образ диска CD Sega</comment>
  <comment xml:lang="sk">Obraz disku CD Sega</comment>
  <comment xml:lang="uk">образ диска Sega CD</comment>
  <comment xml:lang="zh_CN">Sega CD 光盘镜像</comment>
  <comment xml:lang="zh_TW">Sega CD 光碟映像檔</comment>
  <generic-icon name="application-x-executable"/>
  <glob pattern="*.bin"/>
  <glob pattern="*.iso"/>
</mime-type>
