<?xml version="1.0" encoding="utf-8"?>
<mime-type xmlns="http://www.freedesktop.org/standards/shared-mime-info" type="application/x-wwf">
  <!--Created automatically by update-mime-database. DO NOT EDIT!-->
  <comment>WWF document</comment>
  <comment xml:lang="bg">Документ — WWF</comment>
  <comment xml:lang="ca">document WWF</comment>
  <comment xml:lang="cs">dokument WWF</comment>
  <comment xml:lang="da">WWF-dokument</comment>
  <comment xml:lang="de">WWF-Dokument</comment>
  <comment xml:lang="el">Έγγραφο WWF</comment>
  <comment xml:lang="en_GB">WWF document</comment>
  <comment xml:lang="eo">WWF-dokumento</comment>
  <comment xml:lang="es">documento WWF</comment>
  <comment xml:lang="eu">WWF dokumentua</comment>
  <comment xml:lang="fi">WWF-asiakirja</comment>
  <comment xml:lang="fr">document WWF</comment>
  <comment xml:lang="gl">documento de WWF</comment>
  <comment xml:lang="he">מסמך WWF</comment>
  <comment xml:lang="hr">WWF dokument</comment>
  <comment xml:lang="hu">WWF-dokumentum</comment>
  <comment xml:lang="ia">Documento WWF</comment>
  <comment xml:lang="id">Dokumen WWF</comment>
  <comment xml:lang="it">Documento WWF</comment>
  <comment xml:lang="ja">WWF 文書</comment>
  <comment xml:lang="ka">WWF დოკუმენტი</comment>
  <comment xml:lang="kk">WWF құжаты</comment>
  <comment xml:lang="ko">WWF 문서</comment>
  <comment xml:lang="lv">WWF dokuments</comment>
  <comment xml:lang="nl">WWF document</comment>
  <comment xml:lang="oc">document WWF</comment>
  <comment xml:lang="pl">Dokument WWF</comment>
  <comment xml:lang="pt">documento WWF</comment>
  <comment xml:lang="pt_BR">Documento WWF</comment>
  <comment xml:lang="ru">документ WWF</comment>
  <comment xml:lang="sk">Dokument  WWF</comment>
  <comment xml:lang="sl">Dokument WWF</comment>
  <comment xml:lang="sr">ВВФ документ</comment>
  <comment xml:lang="sv">WWF-dokument</comment>
  <comment xml:lang="tr">WWF belgesi</comment>
  <comment xml:lang="uk">документ WWF</comment>
  <comment xml:lang="zh_CN">WWF</comment>
  <comment xml:lang="zh_TW">WWF 文件</comment>
  <generic-icon name="x-office-document"/>
  <glob pattern="*.wwf"/>
  <sub-class-of type="application/pdf"/>
  <alias type="application/wwf"/>
</mime-type>
