<?xml version="1.0" encoding="utf-8"?>
<mime-type xmlns="http://www.freedesktop.org/standards/shared-mime-info" type="application/x-xar">
  <!--Created automatically by update-mime-database. DO NOT EDIT!-->
  <comment>XAR archive</comment>
  <comment xml:lang="ca">arxiu XAR</comment>
  <comment xml:lang="cs">archiv XAR</comment>
  <comment xml:lang="da">XAR-arkiv</comment>
  <comment xml:lang="de">XAR-Archiv</comment>
  <comment xml:lang="en_GB">XAR archive</comment>
  <comment xml:lang="es">archivador XAR</comment>
  <comment xml:lang="eu">XAR artxiboa</comment>
  <comment xml:lang="fi">XAR-arkisto</comment>
  <comment xml:lang="fr">archive XAR</comment>
  <comment xml:lang="he">ארכיון XAR</comment>
  <comment xml:lang="hr">XAR arhiva</comment>
  <comment xml:lang="hu">XAR archívum</comment>
  <comment xml:lang="id">Arsip XAR</comment>
  <comment xml:lang="it">Archivio XAR</comment>
  <comment xml:lang="kk">XAR архиві</comment>
  <comment xml:lang="ko">XAR 아카이브</comment>
  <comment xml:lang="oc">Archiu XAR</comment>
  <comment xml:lang="pl">Archiwum XAR</comment>
  <comment xml:lang="pt_BR">Arquivo XAR</comment>
  <comment xml:lang="ru">архив XAR</comment>
  <comment xml:lang="sk">Archív XAR</comment>
  <comment xml:lang="sr">ИксАР архива</comment>
  <comment xml:lang="sv">XAR-arkiv</comment>
  <comment xml:lang="tr">XAR arşivi</comment>
  <comment xml:lang="uk">архів XAR</comment>
  <comment xml:lang="zh_CN">XAR 归档文件</comment>
  <comment xml:lang="zh_TW">XAR 封存檔</comment>
  <acronym>XAR</acronym>
  <expanded-acronym>eXtensible ARchive</expanded-acronym>
  <generic-icon name="package-x-generic"/>
  <glob pattern="*.xar"/>
  <glob pattern="*.pkg"/>
</mime-type>
