<?xml version="1.0" encoding="utf-8"?>
<mime-type xmlns="http://www.freedesktop.org/standards/shared-mime-info" type="application/x-yaml">
  <!--Created automatically by update-mime-database. DO NOT EDIT!-->
  <comment>YAML document</comment>
  <comment xml:lang="ar">مستند YAML</comment>
  <comment xml:lang="bg">Документ — YAML</comment>
  <comment xml:lang="ca">document YAML</comment>
  <comment xml:lang="cs">dokument YAML</comment>
  <comment xml:lang="da">YAML-dokument</comment>
  <comment xml:lang="de">YAML-Dokument</comment>
  <comment xml:lang="el">Έγγραφο YAML</comment>
  <comment xml:lang="en_GB">YAML document</comment>
  <comment xml:lang="eo">YAML-dokumento</comment>
  <comment xml:lang="es">documento YAML</comment>
  <comment xml:lang="eu">YAML dokumentua</comment>
  <comment xml:lang="fi">YAML-asiakirja</comment>
  <comment xml:lang="fo">YAML skjal</comment>
  <comment xml:lang="fr">document YAML</comment>
  <comment xml:lang="ga">cáipéis YAML</comment>
  <comment xml:lang="gl">documento YAML</comment>
  <comment xml:lang="he">מסמך YAML</comment>
  <comment xml:lang="hr">YAML dokument</comment>
  <comment xml:lang="hu">YAML-dokumentum</comment>
  <comment xml:lang="ia">Documento YAML</comment>
  <comment xml:lang="id">Dokumen YAML</comment>
  <comment xml:lang="it">Documento YAML</comment>
  <comment xml:lang="ja">YAML ドキュメント</comment>
  <comment xml:lang="kk">YAML құжаты</comment>
  <comment xml:lang="ko">YAML 문서</comment>
  <comment xml:lang="lt">YAML dokumentas</comment>
  <comment xml:lang="lv">YAML dokuments</comment>
  <comment xml:lang="nl">YAML document</comment>
  <comment xml:lang="oc">document YAML</comment>
  <comment xml:lang="pl">Dokument YAML</comment>
  <comment xml:lang="pt">documento YAML</comment>
  <comment xml:lang="pt_BR">Documento YAML</comment>
  <comment xml:lang="ro">Document YAML</comment>
  <comment xml:lang="ru">документ YAML</comment>
  <comment xml:lang="sk">Dokument YAML</comment>
  <comment xml:lang="sl">Dokument YAML</comment>
  <comment xml:lang="sr">ЈАМЛ документ</comment>
  <comment xml:lang="sv">YAML-dokument</comment>
  <comment xml:lang="tr">YAML belgesi</comment>
  <comment xml:lang="uk">документ YAML</comment>
  <comment xml:lang="zh_CN">YAML 文档</comment>
  <comment xml:lang="zh_TW">YAML 文件</comment>
  <acronym>YAML</acronym>
  <expanded-acronym>YAML Ain't Markup Language</expanded-acronym>
  <sub-class-of type="text/plain"/>
  <generic-icon name="text-x-generic"/>
  <glob pattern="*.yaml"/>
  <glob pattern="*.yml"/>
  <alias type="text/yaml"/>
  <alias type="text/x-yaml"/>
</mime-type>
