<?xml version="1.0" encoding="utf-8"?>
<mime-type xmlns="http://www.freedesktop.org/standards/shared-mime-info" type="text/csv">
  <!--Created automatically by update-mime-database. DO NOT EDIT!-->
  <comment>CSV document</comment>
  <comment xml:lang="ar">مستند CSV</comment>
  <comment xml:lang="be@latin">Dakument CSV</comment>
  <comment xml:lang="bg">Документ — CSV</comment>
  <comment xml:lang="ca">document CSV</comment>
  <comment xml:lang="cs">dokument CSV</comment>
  <comment xml:lang="da">CSV-dokument</comment>
  <comment xml:lang="de">CSV-Dokument</comment>
  <comment xml:lang="el">Έγγραφο CSV</comment>
  <comment xml:lang="en_GB">CSV document</comment>
  <comment xml:lang="eo">CSV-dokumento</comment>
  <comment xml:lang="es">documento CSV</comment>
  <comment xml:lang="eu">CSV dokumentua</comment>
  <comment xml:lang="fi">CSV-asiakirja</comment>
  <comment xml:lang="fo">CSV skjal</comment>
  <comment xml:lang="fr">document CSV</comment>
  <comment xml:lang="ga">cáipéis CSV</comment>
  <comment xml:lang="gl">documento CSV</comment>
  <comment xml:lang="he">מסמך CSV</comment>
  <comment xml:lang="hr">CSV dokument</comment>
  <comment xml:lang="hu">CSV dokumentum</comment>
  <comment xml:lang="ia">Documento CSV</comment>
  <comment xml:lang="id">Dokumen CSV</comment>
  <comment xml:lang="it">Documento CSV</comment>
  <comment xml:lang="ja">CSV ドキュメント</comment>
  <comment xml:lang="ka">CSV დოკუმენტი</comment>
  <comment xml:lang="kk">CSV құжаты</comment>
  <comment xml:lang="ko">CSV 문서</comment>
  <comment xml:lang="lt">CSV dokumentas</comment>
  <comment xml:lang="lv">CSV dokuments</comment>
  <comment xml:lang="nb">CSV-dokument</comment>
  <comment xml:lang="nl">CSV-document</comment>
  <comment xml:lang="nn">CSV-dokument</comment>
  <comment xml:lang="oc">document CSV</comment>
  <comment xml:lang="pl">Dokument CSV</comment>
  <comment xml:lang="pt">documento CSV</comment>
  <comment xml:lang="pt_BR">Documento CSV</comment>
  <comment xml:lang="ro">Document CSV</comment>
  <comment xml:lang="ru">документ CSV</comment>
  <comment xml:lang="sk">Dokument CSV</comment>
  <comment xml:lang="sl">Dokument CSV</comment>
  <comment xml:lang="sq">Dokument CSV</comment>
  <comment xml:lang="sr">ЦСВ документ</comment>
  <comment xml:lang="sv">CSV-dokument</comment>
  <comment xml:lang="tr">CSV belgesi</comment>
  <comment xml:lang="uk">документ CSV</comment>
  <comment xml:lang="vi">Tài liệu CSV</comment>
  <comment xml:lang="zh_CN">CSV 文档</comment>
  <comment xml:lang="zh_TW">CSV 文件</comment>
  <acronym>CSV</acronym>
  <expanded-acronym>Comma Separated Values</expanded-acronym>
  <alias type="text/x-comma-separated-values"/>
  <alias type="text/x-csv"/>
  <sub-class-of type="text/plain"/>
  <glob pattern="*.csv"/>
</mime-type>
