<?xml version="1.0" encoding="utf-8"?>
<mime-type xmlns="http://www.freedesktop.org/standards/shared-mime-info" type="text/richtext">
  <!--Created automatically by update-mime-database. DO NOT EDIT!-->
  <comment>rich text document</comment>
  <comment xml:lang="ar">مستند نصي غني</comment>
  <comment xml:lang="az">zəngin mətn sənədi</comment>
  <comment xml:lang="be@latin">azdobleny tekstavy dakument</comment>
  <comment xml:lang="bg">Документ — rich text</comment>
  <comment xml:lang="ca">document de text enriquit</comment>
  <comment xml:lang="cs">textový dokument RTF</comment>
  <comment xml:lang="cy">dogfen testun gyfoethog (rtf)</comment>
  <comment xml:lang="da">richtekstdokument</comment>
  <comment xml:lang="de">RTF-Textdokument</comment>
  <comment xml:lang="el">Έγγραφο εμπλουτισμένου κειμένου (RTF)</comment>
  <comment xml:lang="en_GB">rich text document</comment>
  <comment xml:lang="eo">riĉteksta dokumento</comment>
  <comment xml:lang="es">documento de texto enriquecido</comment>
  <comment xml:lang="eu">aberastutako testu formatua</comment>
  <comment xml:lang="fi">RTF-asiakirja</comment>
  <comment xml:lang="fr">document « rich text »</comment>
  <comment xml:lang="ga">cáipéis mhéith-théacs</comment>
  <comment xml:lang="gl">documento do texto enriquecido</comment>
  <comment xml:lang="he">מסמך טקסט עשיר</comment>
  <comment xml:lang="hr">obogaćeni tekstualni dokument</comment>
  <comment xml:lang="hu">rich text-dokumentum</comment>
  <comment xml:lang="ia">Documento de texto inricchite</comment>
  <comment xml:lang="id">dokumen teks kaya</comment>
  <comment xml:lang="it">Documento rich text</comment>
  <comment xml:lang="ja">リッチテキストドキュメント</comment>
  <comment xml:lang="kk">пішімделген мәтіні бар құжаты</comment>
  <comment xml:lang="ko">서식 있는 텍스트 문서</comment>
  <comment xml:lang="lt">praturtinto teksto dokumentas</comment>
  <comment xml:lang="lv">bagātā teksta dokuments</comment>
  <comment xml:lang="ms">Dokumen teks diperkaya</comment>
  <comment xml:lang="nb">rik tekst-dokument</comment>
  <comment xml:lang="nl">opgemaakt tekstdocument</comment>
  <comment xml:lang="nn">rik tekst-dokument</comment>
  <comment xml:lang="oc">document « rich text »</comment>
  <comment xml:lang="pl">Dokument Rich Text</comment>
  <comment xml:lang="pt">documento em texto rico</comment>
  <comment xml:lang="pt_BR">Documento rich text</comment>
  <comment xml:lang="ro">document text îmbogățit</comment>
  <comment xml:lang="ru">документ с форматированным текстом</comment>
  <comment xml:lang="sk">Textový dokument RTF</comment>
  <comment xml:lang="sl">dokument z oblikovanim besedilom</comment>
  <comment xml:lang="sq">Dokument rich text</comment>
  <comment xml:lang="sr">богат текстуални документ</comment>
  <comment xml:lang="sv">RTF-textdokument</comment>
  <comment xml:lang="tr">zengin metin belgesi</comment>
  <comment xml:lang="uk">форматований текстовий документ</comment>
  <comment xml:lang="vi">tài liệu văn bản có kiểu dáng (RTF)</comment>
  <comment xml:lang="zh_CN">RTF 丰富文本文档</comment>
  <comment xml:lang="zh_TW">豐富文字文件</comment>
  <sub-class-of type="text/plain"/>
  <glob pattern="*.rtx"/>
</mime-type>
