<?xml version="1.0" encoding="utf-8"?>
<mime-type xmlns="http://www.freedesktop.org/standards/shared-mime-info" type="text/spreadsheet">
  <!--Created automatically by update-mime-database. DO NOT EDIT!-->
  <comment>spreadsheet interchange document</comment>
  <comment xml:lang="ar">مستند تبادل الجدول</comment>
  <comment xml:lang="be@latin">dakument dla abmienu raźlikovymi arkušami</comment>
  <comment xml:lang="bg">Документ за обмяна между програми за електронни таблици</comment>
  <comment xml:lang="ca">document d'intercanvi de full de càlcul</comment>
  <comment xml:lang="cs">sešitový výměnný dokument</comment>
  <comment xml:lang="da">regnearksudvekslingsdokument</comment>
  <comment xml:lang="de">Tabellenkalkulations-Austauschdokument</comment>
  <comment xml:lang="el">Έγγραφο ανταλλαγής λογιστικού φύλλου</comment>
  <comment xml:lang="en_GB">spreadsheet interchange document</comment>
  <comment xml:lang="es">documento de intercambio de hojas de cálculo</comment>
  <comment xml:lang="eu">kalkulu-orriak trukatzeko dokumentua</comment>
  <comment xml:lang="fi">taulukkovälitysasiakirja</comment>
  <comment xml:lang="fo">rokniarks umbýtisskjal</comment>
  <comment xml:lang="fr">document d'échange de feuilles de calcul</comment>
  <comment xml:lang="ga">cáipéis idirmhalartaithe scarbhileog</comment>
  <comment xml:lang="gl">documento de intercambio de follas de cálculo</comment>
  <comment xml:lang="he">מסמך גליון נתונים מתחלף</comment>
  <comment xml:lang="hr">Dokument razmjene proračunske tablice</comment>
  <comment xml:lang="hu">spreadsheet-cserélhetődokumentum</comment>
  <comment xml:lang="ia">Documento de intercambio de folio de calculo</comment>
  <comment xml:lang="id">dokumen lembar sebar saling tukar</comment>
  <comment xml:lang="it">Documento di scambio per foglio di calcolo</comment>
  <comment xml:lang="ja">スプレッドシート交換ドキュメント</comment>
  <comment xml:lang="kk">spreadsheet interchange құжаты</comment>
  <comment xml:lang="ko">스프레드시트 교환 문서</comment>
  <comment xml:lang="lt">skaičialenčių apsikeitimo dokumentas</comment>
  <comment xml:lang="lv">izklājlapu apmaiņas dokuments</comment>
  <comment xml:lang="nb">dokument for regnearkutveksling</comment>
  <comment xml:lang="nl">rekenblad-uitwisselingsdocument</comment>
  <comment xml:lang="nn">Utvekslingsdokument for rekneark</comment>
  <comment xml:lang="oc">document d'escambi de fuèlhs de calcul</comment>
  <comment xml:lang="pl">Dokument wymiany arkuszy kalkulacyjnych</comment>
  <comment xml:lang="pt">documento de troca interna de folhas de cálculo</comment>
  <comment xml:lang="pt_BR">Documento de intercâmbio de planilhas</comment>
  <comment xml:lang="ro">document schimb filă de calcul</comment>
  <comment xml:lang="ru">документ Spreadsheet Interchange</comment>
  <comment xml:lang="sk">Zošitový prenosový dokument</comment>
  <comment xml:lang="sl">dokument izmenjeve preglednic</comment>
  <comment xml:lang="sq">Dokument shkëmbimi për fletë llogaritje</comment>
  <comment xml:lang="sr">документ размене табеле</comment>
  <comment xml:lang="sv">spreadsheet interchange-dokument</comment>
  <comment xml:lang="tr">hesap tablosu değişim belgesi</comment>
  <comment xml:lang="uk">документ обміну ел. таблицями</comment>
  <comment xml:lang="vi">tài liệu hoán đổi bảng tính</comment>
  <comment xml:lang="zh_CN">电子表格交换文档</comment>
  <comment xml:lang="zh_TW">試算表交換文件</comment>
  <sub-class-of type="text/plain"/>
  <glob pattern="*.sylk"/>
  <glob pattern="*.slk"/>
</mime-type>
