<?xml version="1.0" encoding="utf-8"?>
<mime-type xmlns="http://www.freedesktop.org/standards/shared-mime-info" type="text/x-cobol">
  <!--Created automatically by update-mime-database. DO NOT EDIT!-->
  <comment>COBOL source file</comment>
  <comment xml:lang="bg">Изходен код — COBOL</comment>
  <comment xml:lang="ca">codi font en COBOL</comment>
  <comment xml:lang="cs">zdrojový soubor COBOL</comment>
  <comment xml:lang="da">COBOL-kildefil</comment>
  <comment xml:lang="de">COBOL-Quelldatei</comment>
  <comment xml:lang="el">Πηγαίο αρχείο COBOL</comment>
  <comment xml:lang="en_GB">COBOL source file</comment>
  <comment xml:lang="eo">COBOL-fontdosiero</comment>
  <comment xml:lang="es">archivo fuente de COBOL</comment>
  <comment xml:lang="eu">COBOL iturburu-kodea</comment>
  <comment xml:lang="fi">COBOL-lähdekoodi</comment>
  <comment xml:lang="fr">fichier source COBOL</comment>
  <comment xml:lang="gl">ficheiro fonte de COBOL</comment>
  <comment xml:lang="he">קובץ מקור של COBOL</comment>
  <comment xml:lang="hr">COBOL izvorna datoteka</comment>
  <comment xml:lang="hu">COBOL forrásfájl</comment>
  <comment xml:lang="ia">File de codice fonte COBOL</comment>
  <comment xml:lang="id">Berkas sumber COBOL</comment>
  <comment xml:lang="it">File sorgente COBOL</comment>
  <comment xml:lang="ja">COBOL ソースファイル</comment>
  <comment xml:lang="ka">COBOL-ის საწყისი ფაილი</comment>
  <comment xml:lang="kk">COBOL бастапқы коды</comment>
  <comment xml:lang="ko">COBOL 소스 파일</comment>
  <comment xml:lang="lv">COBOL pirmkods</comment>
  <comment xml:lang="nl">COBOL bronbestand</comment>
  <comment xml:lang="oc">fichièr font COBOL</comment>
  <comment xml:lang="pl">Plik źródłowy COBOL</comment>
  <comment xml:lang="pt">ficheiro origem COBOL</comment>
  <comment xml:lang="pt_BR">Arquivo de código-fonte em COBOL</comment>
  <comment xml:lang="ru">файл исходного кода на COBOL</comment>
  <comment xml:lang="sk">Zdrojový súbor COBOLu</comment>
  <comment xml:lang="sl">Izvorna koda COBOL</comment>
  <comment xml:lang="sr">изворна датотека КОБОЛ-а</comment>
  <comment xml:lang="sv">COBOL-källkodsfil</comment>
  <comment xml:lang="tr">COBOL kaynak dosyası</comment>
  <comment xml:lang="uk">вихідний код мовою COBOL</comment>
  <comment xml:lang="zh_CN">COBOL 源</comment>
  <comment xml:lang="zh_TW">COBOL 源檔</comment>
  <acronym>COBOL</acronym>
  <expanded-acronym>COmmon Business Oriented Language</expanded-acronym>
  <sub-class-of type="text/plain"/>
  <glob pattern="*.cbl"/>
  <glob pattern="*.cob"/>
</mime-type>
