<?xml version="1.0" encoding="utf-8"?>
<mime-type xmlns="http://www.freedesktop.org/standards/shared-mime-info" type="text/x-gherkin">
  <!--Created automatically by update-mime-database. DO NOT EDIT!-->
  <comment>feature specification in Gherkin format</comment>
  <comment xml:lang="ca">especificació de funcionalitat en format Gherkin</comment>
  <comment xml:lang="da">funktionspecifikation i Gherkin-format</comment>
  <comment xml:lang="de">Funktionsspezifikation im Gherkin-Format</comment>
  <comment xml:lang="es">especificación de funcionalidad en formato Gherkin</comment>
  <comment xml:lang="fr">spécification fonctionnelle au format Gherkin</comment>
  <comment xml:lang="he">פירוט תכונות בתבנית Gherkin</comment>
  <comment xml:lang="hu">funkcióleírás Gherkin formátumban</comment>
  <comment xml:lang="kk">Gherkin пішіміндегі функционалды анықтамалар</comment>
  <comment xml:lang="ko">Gherkin 형식의 기능 명세</comment>
  <comment xml:lang="pl">Specyfikacja funkcji w formacie Gherkin</comment>
  <comment xml:lang="pt_BR">Especificação de recurso no formato Gherkin</comment>
  <comment xml:lang="ru">функциональные определения в формате Gherkin</comment>
  <comment xml:lang="sk">Špecifikácia funkcie vo formáte Gherkin</comment>
  <comment xml:lang="uk">специфікація можливості у форматі Gherkin</comment>
  <comment xml:lang="zh_CN">Gherkin 格式中的功能规范</comment>
  <comment xml:lang="zh_TW">Gherkin 格式的特徵規格</comment>
  <sub-class-of type="text/plain"/>
  <glob pattern="*.feature"/>
</mime-type>
