<?xml version="1.0" encoding="utf-8"?>
<mime-type xmlns="http://www.freedesktop.org/standards/shared-mime-info" type="text/x-mof">
  <!--Created automatically by update-mime-database. DO NOT EDIT!-->
  <comment>Managed Object Format</comment>
  <comment xml:lang="ar">صيغة كائن مدار</comment>
  <comment xml:lang="be@latin">Farmat Managed Object</comment>
  <comment xml:lang="bg">Управлявани обекти — MOF</comment>
  <comment xml:lang="ca">format d'objecte gestionat</comment>
  <comment xml:lang="cs">Managed Object Format</comment>
  <comment xml:lang="da">Håndteret objektformat</comment>
  <comment xml:lang="de">Managed Object Format</comment>
  <comment xml:lang="el">Μορφή διαχειριζόμενου αντικειμένου</comment>
  <comment xml:lang="en_GB">Managed Object Format</comment>
  <comment xml:lang="es">formato de objeto gestionado</comment>
  <comment xml:lang="eu">Kudeatutako objektu formatua</comment>
  <comment xml:lang="fi">Managed Object Format</comment>
  <comment xml:lang="fr">format Managed Object</comment>
  <comment xml:lang="ga">formáid réada bainistithe</comment>
  <comment xml:lang="gl">formato de obxecto xestionado</comment>
  <comment xml:lang="he">תבנית פריט מנוהל</comment>
  <comment xml:lang="hr">Managed Object Format</comment>
  <comment xml:lang="hu">Felügyelt objektum (MO) formátum</comment>
  <comment xml:lang="ia">File in formato Managed Object</comment>
  <comment xml:lang="id">Managed Object Format</comment>
  <comment xml:lang="it">Managed Object Format</comment>
  <comment xml:lang="ja">管理オブジェクトフォーマット</comment>
  <comment xml:lang="kk">Басқарылатын объект пішімі</comment>
  <comment xml:lang="ko">관리되는 객체 형식</comment>
  <comment xml:lang="lt">Sutvarkytų objektų formatas</comment>
  <comment xml:lang="lv">Pārvaldītu objektu formāts</comment>
  <comment xml:lang="nb">Managed Object Format</comment>
  <comment xml:lang="nl">Managed Object Format</comment>
  <comment xml:lang="nn">Managed Object Format</comment>
  <comment xml:lang="oc">format Managed Object</comment>
  <comment xml:lang="pl">Plik Managed Object Format</comment>
  <comment xml:lang="pt">formato Managed Object</comment>
  <comment xml:lang="pt_BR">Formato de objeto gerenciado</comment>
  <comment xml:lang="ro">Managed Object Format</comment>
  <comment xml:lang="ru">формат управляемого объекта</comment>
  <comment xml:lang="sk">Formát Managed Object</comment>
  <comment xml:lang="sl">Datoteka Managed Object</comment>
  <comment xml:lang="sq">Managed Object Format</comment>
  <comment xml:lang="sr">запис управљаног објекта</comment>
  <comment xml:lang="sv">Managed Object Format</comment>
  <comment xml:lang="tr">Yönetilen Nesne Biçimi</comment>
  <comment xml:lang="uk">формат керування об’єктами</comment>
  <comment xml:lang="vi">Định dạng Đối tượng đã Quản lý</comment>
  <comment xml:lang="zh_CN">托管对象格式</comment>
  <comment xml:lang="zh_TW">Managed Object Format</comment>
  <sub-class-of type="text/x-csrc"/>
  <glob pattern="*.mof"/>
</mime-type>
