<?xml version="1.0" encoding="utf-8"?>
<mime-type xmlns="http://www.freedesktop.org/standards/shared-mime-info" type="text/x-nfo">
  <!--Created automatically by update-mime-database. DO NOT EDIT!-->
  <comment>NFO document</comment>
  <comment xml:lang="ar">مستند NFO</comment>
  <comment xml:lang="be@latin">Dakument NFO</comment>
  <comment xml:lang="bg">Документ — NFO</comment>
  <comment xml:lang="ca">document NFO</comment>
  <comment xml:lang="cs">dokument NFO</comment>
  <comment xml:lang="da">NFO-dokument</comment>
  <comment xml:lang="de">NFO-Dokument</comment>
  <comment xml:lang="el">Έγγραφο NFO</comment>
  <comment xml:lang="en_GB">NFO document</comment>
  <comment xml:lang="eo">NFO-dokumento</comment>
  <comment xml:lang="es">documento NFO</comment>
  <comment xml:lang="eu">NFO dokumentua</comment>
  <comment xml:lang="fi">NFO-asiakirja</comment>
  <comment xml:lang="fo">NFO skjal</comment>
  <comment xml:lang="fr">document NFO</comment>
  <comment xml:lang="ga">cáipéis NFO</comment>
  <comment xml:lang="gl">documento NFO</comment>
  <comment xml:lang="he">מסמך NFO</comment>
  <comment xml:lang="hr">NFO dokument</comment>
  <comment xml:lang="hu">NFO-dokumentum</comment>
  <comment xml:lang="ia">Documento NFO</comment>
  <comment xml:lang="id">Dokumen NFO</comment>
  <comment xml:lang="it">Documento NFO</comment>
  <comment xml:lang="ja">NFO ドキュメント</comment>
  <comment xml:lang="kk">NFO құжаты</comment>
  <comment xml:lang="ko">NFO 문서</comment>
  <comment xml:lang="lt">NFO dokumentas</comment>
  <comment xml:lang="lv">NFO dokuments</comment>
  <comment xml:lang="nb">NFO-dokument</comment>
  <comment xml:lang="nl">NFO-document</comment>
  <comment xml:lang="nn">NFO-dokument</comment>
  <comment xml:lang="oc">document NFO</comment>
  <comment xml:lang="pl">Dokument NFO</comment>
  <comment xml:lang="pt">documento NFO</comment>
  <comment xml:lang="pt_BR">Documento NFO</comment>
  <comment xml:lang="ro">Document NFO</comment>
  <comment xml:lang="ru">документ NFO</comment>
  <comment xml:lang="sk">Dokument NFO</comment>
  <comment xml:lang="sl">Dokument NFO</comment>
  <comment xml:lang="sq">Dokument NFO</comment>
  <comment xml:lang="sr">документ НФО</comment>
  <comment xml:lang="sv">NFO-dokument</comment>
  <comment xml:lang="tr">NFO belgesi</comment>
  <comment xml:lang="uk">документ NFO</comment>
  <comment xml:lang="vi">Tài liệu NFO</comment>
  <comment xml:lang="zh_CN">NFO 文档</comment>
  <comment xml:lang="zh_TW">NFO 文件</comment>
  <sub-class-of type="text/x-readme"/>
  <glob pattern="*.nfo"/>
</mime-type>
