<?xml version="1.0" encoding="utf-8"?>
<mime-type xmlns="http://www.freedesktop.org/standards/shared-mime-info" type="text/x-scss">
  <!--Created automatically by update-mime-database. DO NOT EDIT!-->
  <comment>Sass CSS pre-processor file</comment>
  <comment xml:lang="ca">fitxer preprocessador CSS Sass</comment>
  <comment xml:lang="da">Sass CSS-forbrænderfil</comment>
  <comment xml:lang="de">Sass-CSS-Präprozessordatei</comment>
  <comment xml:lang="es">archivo de preprocesador de CSS Sass</comment>
  <comment xml:lang="fr">fichier de prétraitement CSS Sass</comment>
  <comment xml:lang="he">קובץ קדם עיבוד Sass CSS</comment>
  <comment xml:lang="hu">Sass CSS előfeldolgozó fájl</comment>
  <comment xml:lang="kk">Sass CSS препроцессор файлы</comment>
  <comment xml:lang="ko">Sass CSS 전처리기 파일</comment>
  <comment xml:lang="pl">Plik preprocesora CSS Sass</comment>
  <comment xml:lang="pt_BR">Arquivo de pré-processamento Sass CSS</comment>
  <comment xml:lang="ru">файл препроцессора Sass CSS</comment>
  <comment xml:lang="sk">Súbor Sass CSS pre-procesora</comment>
  <comment xml:lang="uk">файл препроцесора CSS Sass</comment>
  <comment xml:lang="zh_CN">Sass CSS 预处理器文件</comment>
  <comment xml:lang="zh_TW">Sass CSS 處理器前檔案</comment>
  <sub-class-of type="text/plain"/>
  <glob pattern="*.scss"/>
  <generic-icon name="text-x-generic"/>
</mime-type>
