<?xml version="1.0" encoding="utf-8"?>
<mime-type xmlns="http://www.freedesktop.org/standards/shared-mime-info" type="text/x-texinfo">
  <!--Created automatically by update-mime-database. DO NOT EDIT!-->
  <comment>TeXInfo document</comment>
  <comment xml:lang="ar">مستند TeXInfo</comment>
  <comment xml:lang="az">TeXInfo sənədi</comment>
  <comment xml:lang="be@latin">Dakument TeXInfo</comment>
  <comment xml:lang="bg">Документ — TeXInfo</comment>
  <comment xml:lang="ca">document TeXInfo</comment>
  <comment xml:lang="cs">dokument TeXInfo</comment>
  <comment xml:lang="cy">Dogfen TeXInfo</comment>
  <comment xml:lang="da">TeXInfo-dokument</comment>
  <comment xml:lang="de">TeXInfo-Dokument</comment>
  <comment xml:lang="el">Έγγραφο TeXInfo</comment>
  <comment xml:lang="en_GB">TeXInfo document</comment>
  <comment xml:lang="eo">TeXInfo-dokumento</comment>
  <comment xml:lang="es">documento de TeXInfo</comment>
  <comment xml:lang="eu">TeXInfo dokumentua</comment>
  <comment xml:lang="fi">TeXInfo-asiakirja</comment>
  <comment xml:lang="fo">TeXInfo skjal</comment>
  <comment xml:lang="fr">document TeXInfo</comment>
  <comment xml:lang="ga">cáipéis TeXInfo</comment>
  <comment xml:lang="gl">documento TeXInfo</comment>
  <comment xml:lang="he">מסמך של TeXInfo</comment>
  <comment xml:lang="hr">TeXInfo dokument</comment>
  <comment xml:lang="hu">TeXInfo-dokumentum</comment>
  <comment xml:lang="ia">Documento TeXInfo</comment>
  <comment xml:lang="id">Dokumen TeXInfo</comment>
  <comment xml:lang="it">Documento TeXInfo</comment>
  <comment xml:lang="ja">TeXInfo ドキュメント</comment>
  <comment xml:lang="kk">TeXInfo құжаты</comment>
  <comment xml:lang="ko">TeXInfo 문서</comment>
  <comment xml:lang="lt">TeXInfo dokumentas</comment>
  <comment xml:lang="lv">TeXInfo dokuments</comment>
  <comment xml:lang="ms">Dokumen TeXInfo</comment>
  <comment xml:lang="nb">TeXInfo-dokument</comment>
  <comment xml:lang="nl">TeXInfo-document</comment>
  <comment xml:lang="nn">TeXInfo-dokument</comment>
  <comment xml:lang="oc">document TeXInfo</comment>
  <comment xml:lang="pl">Dokument TeXInfo</comment>
  <comment xml:lang="pt">documento TeXInfo</comment>
  <comment xml:lang="pt_BR">Documento TeXInfo</comment>
  <comment xml:lang="ro">Document TexInfo</comment>
  <comment xml:lang="ru">документ TeXInfo</comment>
  <comment xml:lang="sk">Dokument TeXInfo</comment>
  <comment xml:lang="sl">Dokument TeXInfo</comment>
  <comment xml:lang="sq">Dokument TeXInfo</comment>
  <comment xml:lang="sr">ТеКсинфо документ</comment>
  <comment xml:lang="sv">TeXInfo-dokument</comment>
  <comment xml:lang="tr">TeXInfo belgesi</comment>
  <comment xml:lang="uk">документ TeXInfo</comment>
  <comment xml:lang="vi">Tài liệu TeXInfo</comment>
  <comment xml:lang="zh_CN">TeXInfo 文档</comment>
  <comment xml:lang="zh_TW">TeXInfo 文件</comment>
  <sub-class-of type="text/plain"/>
  <glob pattern="*.texi"/>
  <glob pattern="*.texinfo"/>
</mime-type>
