<?xml version="1.0" encoding="utf-8"?>
<mime-type xmlns="http://www.freedesktop.org/standards/shared-mime-info" type="text/x-tex">
  <!--Created automatically by update-mime-database. DO NOT EDIT!-->
  <comment>TeX document</comment>
  <comment xml:lang="ar">مستند TeX</comment>
  <comment xml:lang="be@latin">Dakument TeX</comment>
  <comment xml:lang="bg">Документ — TeX</comment>
  <comment xml:lang="ca">document TeX</comment>
  <comment xml:lang="cs">dokument TeX</comment>
  <comment xml:lang="cy">Dogfen TeX </comment>
  <comment xml:lang="da">TeX-dokument</comment>
  <comment xml:lang="de">TeX-Dokument</comment>
  <comment xml:lang="el">Έγγραφο TeX</comment>
  <comment xml:lang="en_GB">TeX document</comment>
  <comment xml:lang="eo">TeX-dokumento</comment>
  <comment xml:lang="es">documento de TeX</comment>
  <comment xml:lang="eu">TeX dokumentua</comment>
  <comment xml:lang="fi">TeX-asiakirja</comment>
  <comment xml:lang="fo">TeX skjal</comment>
  <comment xml:lang="fr">document TeX</comment>
  <comment xml:lang="ga">cáipéis TeX</comment>
  <comment xml:lang="gl">documenton TeX</comment>
  <comment xml:lang="he">מסמך TeX</comment>
  <comment xml:lang="hr">TeX dokument</comment>
  <comment xml:lang="hu">TeX-dokumentum</comment>
  <comment xml:lang="ia">Documento TeX</comment>
  <comment xml:lang="id">Dokumen TeX</comment>
  <comment xml:lang="it">Documento TeX</comment>
  <comment xml:lang="ja">TeX ドキュメント</comment>
  <comment xml:lang="kk">TeX құжаты</comment>
  <comment xml:lang="ko">TeX 문서</comment>
  <comment xml:lang="lt">TeX dokumentas</comment>
  <comment xml:lang="lv">TeX dokuments</comment>
  <comment xml:lang="ms">Dokumen TeX</comment>
  <comment xml:lang="nb">TeX-dokument</comment>
  <comment xml:lang="nl">TeX-document</comment>
  <comment xml:lang="nn">TeX-dokument</comment>
  <comment xml:lang="oc">document TeX</comment>
  <comment xml:lang="pl">Dokument TeX</comment>
  <comment xml:lang="pt">documento TeX</comment>
  <comment xml:lang="pt_BR">Documento TeX</comment>
  <comment xml:lang="ro">Document TeX</comment>
  <comment xml:lang="ru">документ TeX</comment>
  <comment xml:lang="sk">Dokument TeX</comment>
  <comment xml:lang="sl">Dokument TeX</comment>
  <comment xml:lang="sq">Dokument TeX</comment>
  <comment xml:lang="sr">ТеКс документ</comment>
  <comment xml:lang="sv">TeX-dokument</comment>
  <comment xml:lang="tr">TeX belgesi</comment>
  <comment xml:lang="uk">документ TeX</comment>
  <comment xml:lang="vi">Tài liệu TeX</comment>
  <comment xml:lang="zh_CN">TeX 文档</comment>
  <comment xml:lang="zh_TW">TeX 文件</comment>
  <sub-class-of type="text/plain"/>
  <alias type="application/x-tex"/>
  <glob pattern="*.tex"/>
  <glob pattern="*.ltx"/>
  <glob pattern="*.sty"/>
  <glob pattern="*.cls"/>
  <glob pattern="*.dtx"/>
  <glob pattern="*.ins"/>
  <glob pattern="*.latex"/>
</mime-type>
