<?xml version="1.0" encoding="utf-8"?>
<mime-type xmlns="http://www.freedesktop.org/standards/shared-mime-info" type="text/x-troff-me">
  <!--Created automatically by update-mime-database. DO NOT EDIT!-->
  <comment>Troff ME input document</comment>
  <comment xml:lang="ar">مستند Troff ME input</comment>
  <comment xml:lang="be@latin">Uvodny dakument Troff ME</comment>
  <comment xml:lang="bg">Изходен документ — Troff ME</comment>
  <comment xml:lang="ca">document d'entrada Troff ME</comment>
  <comment xml:lang="cs">vstupní dokument Troff ME</comment>
  <comment xml:lang="da">Troff ME inddata-dokument</comment>
  <comment xml:lang="de">Troff-ME-Eingabedokument</comment>
  <comment xml:lang="el">Έγγραφο εντολών troff ME</comment>
  <comment xml:lang="en_GB">Troff ME input document</comment>
  <comment xml:lang="eo">eniga dokumento de Troff ME</comment>
  <comment xml:lang="es">documento de entrada Troff ME</comment>
  <comment xml:lang="eu">Troff ME sarrerako dokumentua</comment>
  <comment xml:lang="fi">Troff ME -syöteasiakirja</comment>
  <comment xml:lang="fo">Troff ME inntaksskjal</comment>
  <comment xml:lang="fr">document d'entrée Troff ME</comment>
  <comment xml:lang="ga">cáipéis ionchur Troff ME</comment>
  <comment xml:lang="gl">documento de entrada Troff ME</comment>
  <comment xml:lang="he">מסמך קלט של Troff ME</comment>
  <comment xml:lang="hr">Troff ME ulazni dokument</comment>
  <comment xml:lang="hu">Troff ME bemeneti dokumentum</comment>
  <comment xml:lang="ia">Documento de entrata Troff ME</comment>
  <comment xml:lang="id">Dokumen masukan Troff ME</comment>
  <comment xml:lang="it">Documento di input Troff ME</comment>
  <comment xml:lang="ja">Troff ME 入力ドキュメント</comment>
  <comment xml:lang="kk">Troff ME кіріс құжаты</comment>
  <comment xml:lang="ko">Troff ME 입력 문서</comment>
  <comment xml:lang="lt">Troff ME įvesties dokumentas</comment>
  <comment xml:lang="lv">Troff ME ievades dokuments</comment>
  <comment xml:lang="ms">Dokumen input Troff ME</comment>
  <comment xml:lang="nb">Troff ME-inndatadokument</comment>
  <comment xml:lang="nl">Troff ME-invoerdocument</comment>
  <comment xml:lang="nn">Troff ME inndata-dokument</comment>
  <comment xml:lang="oc">document d'entrada Troff ME</comment>
  <comment xml:lang="pl">Dokument wejściowy Troff ME</comment>
  <comment xml:lang="pt">documento origem Troff ME</comment>
  <comment xml:lang="pt_BR">Documento de entrada Troff ME</comment>
  <comment xml:lang="ro">Document intrare Troff ME</comment>
  <comment xml:lang="ru">входной документ Troff ME</comment>
  <comment xml:lang="sk">Vstupný dokument Troff ME</comment>
  <comment xml:lang="sl">Vnosni dokument Troff ME</comment>
  <comment xml:lang="sq">Dokument i input Troff ME</comment>
  <comment xml:lang="sr">Трофф МЕ улазни документ</comment>
  <comment xml:lang="sv">Troff ME-indatadokument</comment>
  <comment xml:lang="tr">Troff ME girdi belgesi</comment>
  <comment xml:lang="uk">вхідний документ Troff ME</comment>
  <comment xml:lang="vi">Tài liệu nhập ME Troff</comment>
  <comment xml:lang="zh_CN">Troff ME 输入文档</comment>
  <comment xml:lang="zh_TW">Troff ME 輸入文件</comment>
  <sub-class-of type="text/plain"/>
  <glob pattern="*.me"/>
</mime-type>
