<?xml version="1.0" encoding="utf-8"?>
<mime-type xmlns="http://www.freedesktop.org/standards/shared-mime-info" type="text/x-xslfo">
  <!--Created automatically by update-mime-database. DO NOT EDIT!-->
  <comment>XSL FO file</comment>
  <comment xml:lang="ar">ملف XSL FO</comment>
  <comment xml:lang="be@latin">Fajł XSL FO</comment>
  <comment xml:lang="bg">Форматиращ файл — XSL FO</comment>
  <comment xml:lang="ca">fitxer FO XSL</comment>
  <comment xml:lang="cs">soubor XSL FO</comment>
  <comment xml:lang="da">XML FO-fil</comment>
  <comment xml:lang="de">XSL-FO-Datei</comment>
  <comment xml:lang="el">Αρχείο XSL FO</comment>
  <comment xml:lang="en_GB">XSL FO file</comment>
  <comment xml:lang="eo">XSL-FO-dosiero</comment>
  <comment xml:lang="es">archivo XSL FO</comment>
  <comment xml:lang="eu">XSL FO fitxategia</comment>
  <comment xml:lang="fi">XSL FO -tiedosto</comment>
  <comment xml:lang="fo">XSL FO fíla</comment>
  <comment xml:lang="fr">fichier XSL FO</comment>
  <comment xml:lang="ga">comhad XSL FO</comment>
  <comment xml:lang="gl">ficheiro XSL FO</comment>
  <comment xml:lang="he">קובץ XSL FO</comment>
  <comment xml:lang="hr">XSL FO datoteka</comment>
  <comment xml:lang="hu">XSL FO fájl</comment>
  <comment xml:lang="ia">File XSL FO</comment>
  <comment xml:lang="id">Berkas XSL FO</comment>
  <comment xml:lang="it">File XSL FO</comment>
  <comment xml:lang="ja">XSL FO ファイル</comment>
  <comment xml:lang="kk">XSL FO файлы</comment>
  <comment xml:lang="ko">XSL 포매팅 개체 파일</comment>
  <comment xml:lang="lt">XSL FO failas</comment>
  <comment xml:lang="lv">XSL FO datne</comment>
  <comment xml:lang="nb">FO-fil for XSL</comment>
  <comment xml:lang="nl">XSL FO-bestand</comment>
  <comment xml:lang="nn">XSL FO-fil</comment>
  <comment xml:lang="oc">fichièr XSL FO</comment>
  <comment xml:lang="pl">Plik XSL FO</comment>
  <comment xml:lang="pt">ficheiro XSL FO</comment>
  <comment xml:lang="pt_BR">Arquivo XSL FO</comment>
  <comment xml:lang="ro">Fișier XSL FO</comment>
  <comment xml:lang="ru">файл XSL FO</comment>
  <comment xml:lang="sk">Súbor XSL FO</comment>
  <comment xml:lang="sl">Datoteka XSL FO</comment>
  <comment xml:lang="sq">File XSL FO</comment>
  <comment xml:lang="sr">ИксСЛ ФО датотека</comment>
  <comment xml:lang="sv">XSL FO-fil</comment>
  <comment xml:lang="tr">XSL FO dosyası</comment>
  <comment xml:lang="uk">файл XSL FO</comment>
  <comment xml:lang="vi">Tập tin FO của XSL (XFO)</comment>
  <comment xml:lang="zh_CN">XSL 格式化对象文件</comment>
  <comment xml:lang="zh_TW">XSL FO 檔</comment>
  <acronym>XSL FO</acronym>
  <expanded-acronym>XSL Formatting Objects</expanded-acronym>
  <sub-class-of type="application/xml"/>
  <glob pattern="*.fo"/>
  <glob pattern="*.xslfo"/>
</mime-type>
