<?xml version="1.0" encoding="utf-8"?>
<mime-type xmlns="http://www.freedesktop.org/standards/shared-mime-info" type="application/gml+xml">
  <!--Created automatically by update-mime-database. DO NOT EDIT!-->
  <comment>GML document</comment>
  <comment xml:lang="ca">document GML</comment>
  <comment xml:lang="cs">dokument GML</comment>
  <comment xml:lang="da">GML-dokument</comment>
  <comment xml:lang="de">GML-Dokument</comment>
  <comment xml:lang="el">Έγγραφο GML</comment>
  <comment xml:lang="en_GB">GML document</comment>
  <comment xml:lang="es">documento GML</comment>
  <comment xml:lang="eu">GML dokumentua</comment>
  <comment xml:lang="fi">GML-asiakirja</comment>
  <comment xml:lang="fr">document GML</comment>
  <comment xml:lang="gl">Documento GML</comment>
  <comment xml:lang="he">מסמך GML</comment>
  <comment xml:lang="hr">GML dokument</comment>
  <comment xml:lang="hu">GML dokumentum</comment>
  <comment xml:lang="ia">Documento GML</comment>
  <comment xml:lang="id">Dokumen GML</comment>
  <comment xml:lang="it">Documento GML</comment>
  <comment xml:lang="ja">GML ドキュメント</comment>
  <comment xml:lang="kk">GML құжаты</comment>
  <comment xml:lang="ko">GML 문서</comment>
  <comment xml:lang="lv">GML dokuments</comment>
  <comment xml:lang="oc">document GML</comment>
  <comment xml:lang="pl">Dokument GML</comment>
  <comment xml:lang="pt">documento GML</comment>
  <comment xml:lang="pt_BR">Documento GML</comment>
  <comment xml:lang="ru">документ GML</comment>
  <comment xml:lang="sk">Dokument GML</comment>
  <comment xml:lang="sl">Dokument GML</comment>
  <comment xml:lang="sr">ГМЛ документ</comment>
  <comment xml:lang="sv">GML-dokument</comment>
  <comment xml:lang="tr">GML belgesi</comment>
  <comment xml:lang="uk">документ GML</comment>
  <comment xml:lang="zh_CN">GML 文档</comment>
  <comment xml:lang="zh_TW">GML 文件</comment>
  <acronym>GML</acronym>
  <expanded-acronym>Geography Markup Language</expanded-acronym>
  <glob pattern="*.gml"/>
  <sub-class-of type="application/xml"/>
</mime-type>
