<?xml version="1.0" encoding="utf-8"?>
<mime-type xmlns="http://www.freedesktop.org/standards/shared-mime-info" type="application/json">
  <!--Created automatically by update-mime-database. DO NOT EDIT!-->
  <comment>JSON document</comment>
  <comment xml:lang="ca">document JSON</comment>
  <comment xml:lang="cs">dokument JSON</comment>
  <comment xml:lang="da">JSON-dokument</comment>
  <comment xml:lang="de">JSON-Dokument</comment>
  <comment xml:lang="el">Έγγραφο JSON</comment>
  <comment xml:lang="en_GB">JSON document</comment>
  <comment xml:lang="es">documento JSON</comment>
  <comment xml:lang="eu">JSON dokumentua</comment>
  <comment xml:lang="fi">JSON-asiakirja</comment>
  <comment xml:lang="fr">document JSON</comment>
  <comment xml:lang="gl">Documento JSON</comment>
  <comment xml:lang="he">מסמך JSON</comment>
  <comment xml:lang="hr">JSON dokument</comment>
  <comment xml:lang="hu">JSON dokumentum</comment>
  <comment xml:lang="ia">Documento JSON</comment>
  <comment xml:lang="id">Dokumen JSON</comment>
  <comment xml:lang="it">Documento JSON</comment>
  <comment xml:lang="kk">JSON құжаты</comment>
  <comment xml:lang="ko">JSON 문서</comment>
  <comment xml:lang="oc">document JSON</comment>
  <comment xml:lang="pl">Dokument JSON</comment>
  <comment xml:lang="pt">documento JSON</comment>
  <comment xml:lang="pt_BR">Documento JSON</comment>
  <comment xml:lang="ru">Документ JSON</comment>
  <comment xml:lang="sk">Dokument JSON</comment>
  <comment xml:lang="sl">Dokument JSON</comment>
  <comment xml:lang="sr">ЈСОН документ</comment>
  <comment xml:lang="sv">JSON-dokument</comment>
  <comment xml:lang="tr">JSON belgesi</comment>
  <comment xml:lang="uk">документ JSON</comment>
  <comment xml:lang="zh_CN">JSON 文档</comment>
  <comment xml:lang="zh_TW">JSON 文件</comment>
  <acronym>JSON</acronym>
  <expanded-acronym>JavaScript Object Notation</expanded-acronym>
  <sub-class-of type="application/javascript"/>
  <generic-icon name="text-x-script"/>
  <glob pattern="*.json"/>
</mime-type>
