<?xml version="1.0" encoding="utf-8"?>
<mime-type xmlns="http://www.freedesktop.org/standards/shared-mime-info" type="application/oxps">
  <!--Created automatically by update-mime-database. DO NOT EDIT!-->
  <comment>XPS document</comment>
  <comment xml:lang="ar">مستند XPS</comment>
  <comment xml:lang="be@latin">Dakument XPS</comment>
  <comment xml:lang="bg">Документ — XPS</comment>
  <comment xml:lang="ca">document XPS</comment>
  <comment xml:lang="cs">dokument XPS</comment>
  <comment xml:lang="da">XPS-dokument</comment>
  <comment xml:lang="de">XPS-Dokument</comment>
  <comment xml:lang="el">Έγγραφο XPS</comment>
  <comment xml:lang="en_GB">XPS document</comment>
  <comment xml:lang="eo">XPS-dokumento</comment>
  <comment xml:lang="es">documento XPS</comment>
  <comment xml:lang="eu">XPS dokumentua</comment>
  <comment xml:lang="fi">XPS-asiakirja</comment>
  <comment xml:lang="fo">XPS skjal</comment>
  <comment xml:lang="fr">document XPS</comment>
  <comment xml:lang="ga">cáipéis XPS</comment>
  <comment xml:lang="gl">documento XPS</comment>
  <comment xml:lang="he">מסמך XPS</comment>
  <comment xml:lang="hr">XPS dokument</comment>
  <comment xml:lang="hu">XPS dokumentum</comment>
  <comment xml:lang="ia">Documento XPS</comment>
  <comment xml:lang="id">Dokumen XPS</comment>
  <comment xml:lang="it">Documento XPS</comment>
  <comment xml:lang="ja">XPS ドキュメント</comment>
  <comment xml:lang="kk">XPS құжаты</comment>
  <comment xml:lang="ko">XPS 문서</comment>
  <comment xml:lang="lt">XPS dokumentas</comment>
  <comment xml:lang="lv">XPS dokuments</comment>
  <comment xml:lang="nb">XPS-dokument</comment>
  <comment xml:lang="nl">XPS-document</comment>
  <comment xml:lang="nn">XPS-dokument</comment>
  <comment xml:lang="oc">document XPS</comment>
  <comment xml:lang="pl">Dokument XPS</comment>
  <comment xml:lang="pt">documento XPS</comment>
  <comment xml:lang="pt_BR">Documento XPS</comment>
  <comment xml:lang="ro">Document XPS</comment>
  <comment xml:lang="ru">документ XPS</comment>
  <comment xml:lang="sk">Dokument XPS</comment>
  <comment xml:lang="sl">Dokument XPS</comment>
  <comment xml:lang="sq">Dokument XPS</comment>
  <comment xml:lang="sr">ИксПС документ</comment>
  <comment xml:lang="sv">XPS-dokument</comment>
  <comment xml:lang="tr">XPS belgesi</comment>
  <comment xml:lang="uk">документ XPS</comment>
  <comment xml:lang="vi">Tài liệu XPS</comment>
  <comment xml:lang="zh_CN">XPS 文档</comment>
  <comment xml:lang="zh_TW">XPS 文件</comment>
  <acronym>XPS</acronym>
  <expanded-acronym>Open XML Paper Specification</expanded-acronym>
  <sub-class-of type="application/zip"/>
  <generic-icon name="x-office-document"/>
  <glob pattern="*.oxps"/>
  <glob pattern="*.xps"/>
  <alias type="application/vnd.ms-xpsdocument"/>
</mime-type>
