<?xml version="1.0" encoding="utf-8"?>
<mime-type xmlns="http://www.freedesktop.org/standards/shared-mime-info" type="application/pkcs7-mime">
  <!--Created automatically by update-mime-database. DO NOT EDIT!-->
  <comment>PKCS#7 Message or Certificate</comment>
  <comment xml:lang="ca">missatge o certificat PKCS#7</comment>
  <comment xml:lang="cs">zpráva nebo certifikát PKCS#7</comment>
  <comment xml:lang="da">PKCS#7-besked eller certifikat</comment>
  <comment xml:lang="de">PKCS#7 Nachricht oder Zertifikat</comment>
  <comment xml:lang="el">Μήνυμα ή πιστοποιητικό PKCS#7</comment>
  <comment xml:lang="en_GB">PKCS#7 Message or Certificate</comment>
  <comment xml:lang="es">mensaje o certificado PKCS#7</comment>
  <comment xml:lang="eu">PKCS#7 mezu edo zertifikazioa</comment>
  <comment xml:lang="fi">PKCS#7-viesti tai -varmenne</comment>
  <comment xml:lang="fr">Message ou certificat PKCS#7</comment>
  <comment xml:lang="gl">Mensaxe ou certificado PKCS#7</comment>
  <comment xml:lang="he">הודעה או אישור מסוג PKCS#7</comment>
  <comment xml:lang="hr">PKCS#7 poruka ili vjerodajnica</comment>
  <comment xml:lang="hu">PKCS#7 üzenet vagy tanúsítvány</comment>
  <comment xml:lang="ia">Message o certificato PKCS#7</comment>
  <comment xml:lang="id">Sertifikat atau Pesan PKCS#7</comment>
  <comment xml:lang="it">Messaggio o certificato PKCS#7</comment>
  <comment xml:lang="ja">PKCS#7 メッセージまたは証明書</comment>
  <comment xml:lang="kk">PKCS#7 хабарламасы не сертификаты</comment>
  <comment xml:lang="ko">PKCS#7 메시지 또는 인증서</comment>
  <comment xml:lang="lv">PKCS#7 ziņojums vai sertifikāts</comment>
  <comment xml:lang="oc">Messatge o certificat PKCS#7</comment>
  <comment xml:lang="pl">Wiadomość lub certyfikat PKCS#7</comment>
  <comment xml:lang="pt">Mensagem ou certificado PKCS#7</comment>
  <comment xml:lang="pt_BR">Certificado ou Mensagem PKCS#7</comment>
  <comment xml:lang="ru">сообщение или сертификат PKCS#7</comment>
  <comment xml:lang="sk">Správa alebo certifikát PKCS#7</comment>
  <comment xml:lang="sl">Sporočilo ali dovoljenje PKCS#7</comment>
  <comment xml:lang="sr">ПКЦС#7 порука или уверење</comment>
  <comment xml:lang="sv">PKCS#7-meddelande eller -certifikat</comment>
  <comment xml:lang="tr">PKCS#7 İletisi veya Sertifikası</comment>
  <comment xml:lang="uk">повідомлення або сертифікат PKCS#7</comment>
  <comment xml:lang="zh_CN">PKCS#7 消息或证书</comment>
  <comment xml:lang="zh_TW">PKCS#7 訊息或憑證</comment>
  <acronym>PKCS</acronym>
  <expanded-acronym>Public-Key Cryptography Standards</expanded-acronym>
  <generic-icon name="text-x-generic"/>
  <glob pattern="*.p7c"/>
  <glob pattern="*.p7m"/>
</mime-type>
