<?xml version="1.0" encoding="utf-8"?>
<mime-type xmlns="http://www.freedesktop.org/standards/shared-mime-info" type="application/pkcs8">
  <!--Created automatically by update-mime-database. DO NOT EDIT!-->
  <comment>PKCS#8 private key</comment>
  <comment xml:lang="ar">رزمة الشهادة PKCS#8</comment>
  <comment xml:lang="bg">Ключ, частен — PKCS#8</comment>
  <comment xml:lang="ca">clau privada PKCS#8</comment>
  <comment xml:lang="cs">soukromý klíč PKCS#8</comment>
  <comment xml:lang="da">PKCS#8-privat nøgle</comment>
  <comment xml:lang="de">PKCS#8 Geheimer Schlüssel</comment>
  <comment xml:lang="el">Ιδιωτικό κλειδί PKCS#8</comment>
  <comment xml:lang="en_GB">PKCS#8 private key</comment>
  <comment xml:lang="es">clave privada PCKS#8</comment>
  <comment xml:lang="eu">PKCS#8 gako pribatua</comment>
  <comment xml:lang="fi">PKCS#8 yksityinen avain</comment>
  <comment xml:lang="fo">PKCS#8 privatur lykil</comment>
  <comment xml:lang="fr">clé privée PKCS#8</comment>
  <comment xml:lang="ga">eochair phríobháideach PKCS#8</comment>
  <comment xml:lang="gl">Chave privada PKCS#8</comment>
  <comment xml:lang="he">מפתח פרטי של PKCS#8</comment>
  <comment xml:lang="hr">PKCS#8 privatni ključ</comment>
  <comment xml:lang="hu">PKCS#8 személyes kulcs</comment>
  <comment xml:lang="ia">Clave private PKCS#8</comment>
  <comment xml:lang="id">Kunci privat PKCS#8</comment>
  <comment xml:lang="it">Chiave privata PKCS#8</comment>
  <comment xml:lang="ja">PKCS#8 秘密鍵</comment>
  <comment xml:lang="kk">PKCS#8 меншік кілті</comment>
  <comment xml:lang="ko">PKCS#8 개인 키</comment>
  <comment xml:lang="lt">PKCS#8 asmeninis raktas</comment>
  <comment xml:lang="lv">PKCS#8 privātā atslēga</comment>
  <comment xml:lang="nl">PKCS#8 private sleutel</comment>
  <comment xml:lang="oc">clau privada PKCS#8</comment>
  <comment xml:lang="pl">Klucz prywatny PKCS#8</comment>
  <comment xml:lang="pt">chave privada PKCS#8</comment>
  <comment xml:lang="pt_BR">Chave privada PKCS#8</comment>
  <comment xml:lang="ro">Cheie privată PKCS#8</comment>
  <comment xml:lang="ru">личный ключ PKCS#8</comment>
  <comment xml:lang="sk">Súkromný kľúč PKCS#8</comment>
  <comment xml:lang="sl">Datoteka osebnega ključa PKCS#8</comment>
  <comment xml:lang="sr">ПКЦС#8 лични кључ</comment>
  <comment xml:lang="sv">Privat PKCS#8-nyckel</comment>
  <comment xml:lang="tr">PKCS#8 özel anahtarı</comment>
  <comment xml:lang="uk">закритий ключ PKCS#8</comment>
  <comment xml:lang="zh_CN">PKCS#8 私钥</comment>
  <comment xml:lang="zh_TW">PKCS#8 私人金鑰</comment>
  <acronym>PKCS</acronym>
  <expanded-acronym>Public-Key Cryptography Standards</expanded-acronym>
  <glob pattern="*.p8"/>
</mime-type>
