<?xml version="1.0" encoding="utf-8"?>
<mime-type xmlns="http://www.freedesktop.org/standards/shared-mime-info" type="application/smil+xml">
  <!--Created automatically by update-mime-database. DO NOT EDIT!-->
  <comment>SMIL document</comment>
  <comment xml:lang="ar">مستند SMIL</comment>
  <comment xml:lang="be@latin">Dakument SMIL</comment>
  <comment xml:lang="bg">Документ — SMIL</comment>
  <comment xml:lang="ca">document SMIL</comment>
  <comment xml:lang="cs">dokument SMIL</comment>
  <comment xml:lang="da">SMIL-dokument</comment>
  <comment xml:lang="de">SMIL-Dokument</comment>
  <comment xml:lang="el">Έγγραφο SMIL</comment>
  <comment xml:lang="en_GB">SMIL document</comment>
  <comment xml:lang="eo">SMIL-dokumento</comment>
  <comment xml:lang="es">documento SMIL</comment>
  <comment xml:lang="eu">SMIL dokumentua</comment>
  <comment xml:lang="fi">SMIL-asiakirja</comment>
  <comment xml:lang="fo">SMIL skjal</comment>
  <comment xml:lang="fr">document SMIL</comment>
  <comment xml:lang="ga">cáipéis SMIL</comment>
  <comment xml:lang="gl">documento SMIL</comment>
  <comment xml:lang="he">מסמך SMIL</comment>
  <comment xml:lang="hr">SMIL dokument</comment>
  <comment xml:lang="hu">SMIL dokumentum</comment>
  <comment xml:lang="ia">Documento SMIL</comment>
  <comment xml:lang="id">Dokumen SMIL</comment>
  <comment xml:lang="it">Documento SMIL</comment>
  <comment xml:lang="ja">SMIL ドキュメント</comment>
  <comment xml:lang="kk">SMIL құжаты</comment>
  <comment xml:lang="ko">SMIL 문서</comment>
  <comment xml:lang="lt">SMIL dokumentas</comment>
  <comment xml:lang="lv">SMIL dokuments</comment>
  <comment xml:lang="nb">SMIL-dokument</comment>
  <comment xml:lang="nl">SMIL-document</comment>
  <comment xml:lang="nn">SMIL-dokument</comment>
  <comment xml:lang="oc">document SMIL</comment>
  <comment xml:lang="pl">Dokument SMIL</comment>
  <comment xml:lang="pt">documento SMIL</comment>
  <comment xml:lang="pt_BR">Documento SMIL</comment>
  <comment xml:lang="ro">Document SMIL</comment>
  <comment xml:lang="ru">документ SMIL</comment>
  <comment xml:lang="sk">Dokument SMIL</comment>
  <comment xml:lang="sl">Dokument SMIL</comment>
  <comment xml:lang="sq">Dokument SMIL</comment>
  <comment xml:lang="sr">СМИЛ документ</comment>
  <comment xml:lang="sv">SMIL-dokument</comment>
  <comment xml:lang="tr">SMIL belgesi</comment>
  <comment xml:lang="uk">документ SMIL</comment>
  <comment xml:lang="vi">Tài liệu SMIL</comment>
  <comment xml:lang="zh_CN">SMIL 文档</comment>
  <comment xml:lang="zh_TW">SMIL 文件</comment>
  <acronym>SMIL</acronym>
  <expanded-acronym>Synchronized Multimedia Integration Language</expanded-acronym>
  <sub-class-of type="application/xml"/>
  <alias type="application/smil"/>
  <generic-icon name="video-x-generic"/>
  <glob pattern="*.smil"/>
  <glob pattern="*.smi"/>
  <glob pattern="*.sml"/>
  <glob pattern="*.kino"/>
</mime-type>
