<?xml version="1.0" encoding="utf-8"?>
<mime-type xmlns="http://www.freedesktop.org/standards/shared-mime-info" type="application/vnd.corel-draw">
  <!--Created automatically by update-mime-database. DO NOT EDIT!-->
  <comment>Corel Draw drawing</comment>
  <comment xml:lang="ar">تصميم Corel Draw</comment>
  <comment xml:lang="az">Corel Draw çəkimi</comment>
  <comment xml:lang="be@latin">Rysunak Corel Draw</comment>
  <comment xml:lang="bg">Чертеж — Corel Draw</comment>
  <comment xml:lang="ca">dibuix de Corel Draw</comment>
  <comment xml:lang="cs">kresba Corel Draw</comment>
  <comment xml:lang="cy">Darlun Corel Draw</comment>
  <comment xml:lang="da">Corel Draw-tegning</comment>
  <comment xml:lang="de">Corel-Draw-Zeichnung</comment>
  <comment xml:lang="el">Σχέδιο Corel Draw </comment>
  <comment xml:lang="en_GB">Corel Draw drawing</comment>
  <comment xml:lang="eo">grafikaĵo de Corel Draw</comment>
  <comment xml:lang="es">dibujo de Corel Draw</comment>
  <comment xml:lang="eu">Corel Draw-eko marrazkia</comment>
  <comment xml:lang="fi">Corel Draw -piirros</comment>
  <comment xml:lang="fo">Corel Draw tekning</comment>
  <comment xml:lang="fr">dessin Corel Draw</comment>
  <comment xml:lang="ga">líníocht Corel Draw</comment>
  <comment xml:lang="gl">debuxo de Corel Draw</comment>
  <comment xml:lang="he">ציור של Corel Draw</comment>
  <comment xml:lang="hr">Corel Draw crtež</comment>
  <comment xml:lang="hu">Corel Draw-rajz</comment>
  <comment xml:lang="ia">Designo Corel Draw</comment>
  <comment xml:lang="id">Gambar Corel Draw</comment>
  <comment xml:lang="it">Disegno Corel Draw</comment>
  <comment xml:lang="ja">Corel Draw ドロー</comment>
  <comment xml:lang="ka">Corel Draw-ის ნახაზი</comment>
  <comment xml:lang="kk">Corel Draw суреті</comment>
  <comment xml:lang="ko">Corel Draw 드로잉</comment>
  <comment xml:lang="lt">Corel Draw piešinys</comment>
  <comment xml:lang="lv">Corel Draw zīmējums</comment>
  <comment xml:lang="ms">Lukisan Corel Draw</comment>
  <comment xml:lang="nb">Corel Draw-tegning</comment>
  <comment xml:lang="nl">Corel Draw-tekening</comment>
  <comment xml:lang="nn">Corel Draw-teikning</comment>
  <comment xml:lang="oc">dessenh Corel Draw</comment>
  <comment xml:lang="pl">Rysunek Corel Draw</comment>
  <comment xml:lang="pt">desenho Corel Drawdesenho Corel Draw</comment>
  <comment xml:lang="pt_BR">Desenho do Corel Draw</comment>
  <comment xml:lang="ro">Desen Corel Draw</comment>
  <comment xml:lang="ru">изображение Corel Draw</comment>
  <comment xml:lang="sk">Kresba Corel Draw</comment>
  <comment xml:lang="sl">Datoteka risbe Corel Draw</comment>
  <comment xml:lang="sq">Vizatim Corel Draw</comment>
  <comment xml:lang="sr">Корел Дров цртеж</comment>
  <comment xml:lang="sv">Corel Draw-teckning</comment>
  <comment xml:lang="tr">Corel Draw çizimi</comment>
  <comment xml:lang="uk">малюнок Corel Draw</comment>
  <comment xml:lang="vi">Bản vẽ Corel Draw</comment>
  <comment xml:lang="zh_CN">Corel Draw 图形</comment>
  <comment xml:lang="zh_TW">Corel Draw 繪圖</comment>
  <generic-icon name="image-x-generic"/>
  <glob pattern="*.cdr"/>
  <alias type="application/cdr"/>
  <alias type="application/coreldraw"/>
  <alias type="application/x-cdr"/>
  <alias type="application/x-coreldraw"/>
  <alias type="image/cdr"/>
  <alias type="image/x-cdr"/>
  <alias type="zz-application/zz-winassoc-cdr"/>
</mime-type>
