<?xml version="1.0" encoding="utf-8"?>
<mime-type xmlns="http://www.freedesktop.org/standards/shared-mime-info" type="application/vnd.oasis.opendocument.graphics-template">
  <!--Created automatically by update-mime-database. DO NOT EDIT!-->
  <comment>ODG template</comment>
  <comment xml:lang="ar">قالب ODG</comment>
  <comment xml:lang="be@latin">Šablon ODG</comment>
  <comment xml:lang="bg">Шаблон за чертежи — ODG</comment>
  <comment xml:lang="ca">plantilla ODG</comment>
  <comment xml:lang="cs">šablona ODG</comment>
  <comment xml:lang="da">ODG-skabelon</comment>
  <comment xml:lang="de">ODG-Vorlage</comment>
  <comment xml:lang="el">Πρότυπο ODG</comment>
  <comment xml:lang="en_GB">ODG template</comment>
  <comment xml:lang="eo">ODG-ŝablono</comment>
  <comment xml:lang="es">plantilla ODG</comment>
  <comment xml:lang="eu">ODG txantiloia</comment>
  <comment xml:lang="fi">ODG-malli</comment>
  <comment xml:lang="fo">ODG formur</comment>
  <comment xml:lang="fr">modèle ODG</comment>
  <comment xml:lang="ga">teimpléad ODG</comment>
  <comment xml:lang="gl">modelo ODG</comment>
  <comment xml:lang="he">תבנית ODG</comment>
  <comment xml:lang="hr">ODG predložak</comment>
  <comment xml:lang="hu">ODG-sablon</comment>
  <comment xml:lang="ia">Patrono ODG</comment>
  <comment xml:lang="id">Templat ODG</comment>
  <comment xml:lang="it">Modello ODG</comment>
  <comment xml:lang="ja">ODG テンプレート</comment>
  <comment xml:lang="ka">ODG-ის შაბლონი</comment>
  <comment xml:lang="kk">ODG үлгісі</comment>
  <comment xml:lang="ko">ODG 문서 서식</comment>
  <comment xml:lang="lt">ODG šablonas</comment>
  <comment xml:lang="lv">ODG veidne</comment>
  <comment xml:lang="nb">ODG-mal</comment>
  <comment xml:lang="nl">ODG-sjabloon</comment>
  <comment xml:lang="nn">ODG-mal</comment>
  <comment xml:lang="oc">modèl ODG</comment>
  <comment xml:lang="pl">Szablon ODG</comment>
  <comment xml:lang="pt">modelo ODG</comment>
  <comment xml:lang="pt_BR">Modelo ODG</comment>
  <comment xml:lang="ro">Șablon ODG</comment>
  <comment xml:lang="ru">шаблон ODG</comment>
  <comment xml:lang="sk">Šablóna ODG</comment>
  <comment xml:lang="sl">Predloga dokumenta ODG</comment>
  <comment xml:lang="sq">Model ODG</comment>
  <comment xml:lang="sr">ОДГ шаблон</comment>
  <comment xml:lang="sv">ODG-mall</comment>
  <comment xml:lang="tr">ODG şablonu</comment>
  <comment xml:lang="uk">шаблон ODG</comment>
  <comment xml:lang="vi">Mẫu ODG</comment>
  <comment xml:lang="zh_CN">ODG 模板</comment>
  <comment xml:lang="zh_TW">ODG 範本</comment>
  <acronym>ODG</acronym>
  <expanded-acronym>OpenDocument Drawing</expanded-acronym>
  <generic-icon name="image-x-generic"/>
  <glob pattern="*.otg"/>
</mime-type>
