<?xml version="1.0" encoding="utf-8"?>
<mime-type xmlns="http://www.freedesktop.org/standards/shared-mime-info" type="application/vnd.ms-works">
  <!--Created automatically by update-mime-database. DO NOT EDIT!-->
  <comment>Microsoft Works document</comment>
  <comment xml:lang="ar">مستند Microsoft Works</comment>
  <comment xml:lang="be@latin">Dakument Microsoft Works</comment>
  <comment xml:lang="bg">Документ — Microsoft Works</comment>
  <comment xml:lang="ca">document de Microsoft Works</comment>
  <comment xml:lang="cs">dokument Microsoft Works</comment>
  <comment xml:lang="da">Microsoft Works-dokument</comment>
  <comment xml:lang="de">Microsoft-Works-Dokument</comment>
  <comment xml:lang="el">Έγγραφο Microsoft Works</comment>
  <comment xml:lang="en_GB">Microsoft Works document</comment>
  <comment xml:lang="es">documento de Microsoft Works</comment>
  <comment xml:lang="eu">Microsoft Works dokumentua</comment>
  <comment xml:lang="fi">Microsoft Works -asiakirja</comment>
  <comment xml:lang="fo">Microsoft Works skjal</comment>
  <comment xml:lang="fr">document Microsoft Works</comment>
  <comment xml:lang="ga">cáipéis Microsoft Works</comment>
  <comment xml:lang="gl">documento de Microsoft Works</comment>
  <comment xml:lang="he">מסמך Microsoft Works</comment>
  <comment xml:lang="hr">Microsoft Works dokument</comment>
  <comment xml:lang="hu">Microsoft Works dokumentum</comment>
  <comment xml:lang="ia">Documento Microsoft Works</comment>
  <comment xml:lang="id">Dokumen Microsoft Works</comment>
  <comment xml:lang="it">Documento Microsoft Works</comment>
  <comment xml:lang="ja">Microsoft Works ドキュメント</comment>
  <comment xml:lang="ka">Microsoft Works-ის დოკუმენტი</comment>
  <comment xml:lang="kk">Microsoft Works құжаты</comment>
  <comment xml:lang="ko">Microsoft Works 문서</comment>
  <comment xml:lang="lt">Microsoft Works dokumentas</comment>
  <comment xml:lang="lv">Microsoft Works dokuments</comment>
  <comment xml:lang="nb">Microsoft Works-dokument</comment>
  <comment xml:lang="nl">Microsoft Works-document</comment>
  <comment xml:lang="nn">Microsoft Works-dokument</comment>
  <comment xml:lang="oc">document Microsoft Works</comment>
  <comment xml:lang="pl">Dokument Microsoft Works</comment>
  <comment xml:lang="pt">documento Microsoft Works</comment>
  <comment xml:lang="pt_BR">Documento do Microsoft Works</comment>
  <comment xml:lang="ro">Document Microsoft Works</comment>
  <comment xml:lang="ru">документ Microsoft Works</comment>
  <comment xml:lang="sk">Dokument Microsoft Works</comment>
  <comment xml:lang="sl">Dokument Microsoft Works</comment>
  <comment xml:lang="sq">Dokument Microsoft Works</comment>
  <comment xml:lang="sr">Микрософтов Воркс документ</comment>
  <comment xml:lang="sv">Microsoft Works-dokument</comment>
  <comment xml:lang="tr">Microsoft Works belgesi</comment>
  <comment xml:lang="uk">документ Microsoft Works</comment>
  <comment xml:lang="vi">Tài liệu Microsoft Works</comment>
  <comment xml:lang="zh_CN">Microsoft Works 文档</comment>
  <comment xml:lang="zh_TW">微軟 Works 文件</comment>
  <sub-class-of type="application/x-ole-storage"/>
  <generic-icon name="x-office-document"/>
  <glob pattern="*.wcm"/>
  <glob pattern="*.wdb"/>
  <glob pattern="*.wks"/>
  <glob pattern="*.wps"/>
  <glob pattern="*.xlr"/>
</mime-type>
