<?xml version="1.0" encoding="utf-8"?>
<mime-type xmlns="http://www.freedesktop.org/standards/shared-mime-info" type="application/vnd.ms-word.template.macroEnabled.12">
  <!--Created automatically by update-mime-database. DO NOT EDIT!-->
  <comment>Word document template</comment>
  <comment xml:lang="ca">plantilla de document Word</comment>
  <comment xml:lang="cs">šablona dokumentu Word</comment>
  <comment xml:lang="da">Word-dokumentskabelon</comment>
  <comment xml:lang="de">Word-Dokumentvorlage</comment>
  <comment xml:lang="el">Πρότυπο έγγραφο Word</comment>
  <comment xml:lang="en_GB">Word document template</comment>
  <comment xml:lang="es">plantilla de documento de Word</comment>
  <comment xml:lang="eu">Word dokumentuaren txantiloia</comment>
  <comment xml:lang="fi">Word-asiakirjamalli</comment>
  <comment xml:lang="fr">modèle de document Word</comment>
  <comment xml:lang="he">תבנית מסמך Word</comment>
  <comment xml:lang="hr">Predložak Word dokumenta</comment>
  <comment xml:lang="hu">Word dokumentumsablon</comment>
  <comment xml:lang="ia">Patrono de documento Word</comment>
  <comment xml:lang="id">Templat dokumen Word</comment>
  <comment xml:lang="it">Modello documento Word</comment>
  <comment xml:lang="kk">Word құжатының үлгісі</comment>
  <comment xml:lang="ko">워드 문서 양식</comment>
  <comment xml:lang="oc">modèl de document Word</comment>
  <comment xml:lang="pl">Szablon dokumentu Word</comment>
  <comment xml:lang="pt">modelo de documento Word</comment>
  <comment xml:lang="pt_BR">Modelo de documento do Word</comment>
  <comment xml:lang="ru">шаблон документа Word</comment>
  <comment xml:lang="sk">Šablóna dokumentu aplikácie Word</comment>
  <comment xml:lang="sr">Шаблон документа Ворда</comment>
  <comment xml:lang="sv">Word-dokumentmall</comment>
  <comment xml:lang="tr">Word belgesi şablonu</comment>
  <comment xml:lang="uk">шаблон документа Word</comment>
  <comment xml:lang="zh_CN">Microsoft Word 文档模板</comment>
  <comment xml:lang="zh_TW">Word 文件範本</comment>
  <generic-icon name="x-office-document"/>
  <glob pattern="*.dotm"/>
  <sub-class-of type="application/vnd.openxmlformats-officedocument.wordprocessingml.template"/>
</mime-type>
