<?xml version="1.0" encoding="utf-8"?>
<mime-type xmlns="http://www.freedesktop.org/standards/shared-mime-info" type="application/vnd.snap">
  <!--Created automatically by update-mime-database. DO NOT EDIT!-->
  <comment>Snap package</comment>
  <comment xml:lang="ca">Paquet Snap</comment>
  <comment xml:lang="da">Snap-pakke</comment>
  <comment xml:lang="de">Snap-Paket</comment>
  <comment xml:lang="es">paquete Snap</comment>
  <comment xml:lang="fr">paquet Snap</comment>
  <comment xml:lang="he">חבילת Snap</comment>
  <comment xml:lang="hu">Snap-csomag</comment>
  <comment xml:lang="kk">Snap дестесі</comment>
  <comment xml:lang="ko">Snap 패키지</comment>
  <comment xml:lang="pl">Pakiet Snap</comment>
  <comment xml:lang="pt_BR">Pacote Snap</comment>
  <comment xml:lang="ru">пакет Snap</comment>
  <comment xml:lang="sk">Balík Snap</comment>
  <comment xml:lang="uk">пакунок snap</comment>
  <comment xml:lang="zh_CN">Snap 软件包</comment>
  <comment xml:lang="zh_TW">Snap 軟體包</comment>
  <glob pattern="*.snap"/>
  <sub-class-of type="application/vnd.squashfs"/>
</mime-type>
