<?xml version="1.0" encoding="utf-8"?>
<mime-type xmlns="http://www.freedesktop.org/standards/shared-mime-info" type="application/vnd.wordperfect">
  <!--Created automatically by update-mime-database. DO NOT EDIT!-->
  <comment>WordPerfect document</comment>
  <comment xml:lang="ar">مستند WordPerfect</comment>
  <comment xml:lang="az">WordPerfect sənədi</comment>
  <comment xml:lang="be@latin">Dakument WordPerfect</comment>
  <comment xml:lang="bg">Документ — WordPerfect</comment>
  <comment xml:lang="ca">document WordPerfect</comment>
  <comment xml:lang="cs">dokument WordPerfect</comment>
  <comment xml:lang="cy">Dogfen WordPerfect</comment>
  <comment xml:lang="da">WordPerfect-dokument</comment>
  <comment xml:lang="de">WordPerfect-Dokument</comment>
  <comment xml:lang="el">Έγγραφο WordPerfect</comment>
  <comment xml:lang="en_GB">WordPerfect document</comment>
  <comment xml:lang="eo">WordPerfect-dokumento</comment>
  <comment xml:lang="es">documento de WordPerfect</comment>
  <comment xml:lang="eu">WordPerfect dokumentua</comment>
  <comment xml:lang="fi">WordPerfect-asiakirja</comment>
  <comment xml:lang="fo">WordPerfect skjal</comment>
  <comment xml:lang="fr">document WordPerfect</comment>
  <comment xml:lang="ga">cáipéis WordPerfect</comment>
  <comment xml:lang="gl">documento de WordPerfect</comment>
  <comment xml:lang="he">מסמך WordPerfect</comment>
  <comment xml:lang="hr">WordPerfect dokument</comment>
  <comment xml:lang="hu">WordPerfect-dokumentum</comment>
  <comment xml:lang="ia">Documento WordPerfect</comment>
  <comment xml:lang="id">Dokumen WordPerfect</comment>
  <comment xml:lang="it">Documento WordPerfect</comment>
  <comment xml:lang="ja">WordPerfect ドキュメント</comment>
  <comment xml:lang="kk">WordPerfect құжаты</comment>
  <comment xml:lang="ko">WordPerfect 문서</comment>
  <comment xml:lang="lt">WordPerfect dokumentas</comment>
  <comment xml:lang="lv">WordPerfect dokuments</comment>
  <comment xml:lang="ms">Dokumen WordPerfect</comment>
  <comment xml:lang="nb">WordPerfect-dokument</comment>
  <comment xml:lang="nl">WordPerfect-document</comment>
  <comment xml:lang="nn">WordPerfect-dokument</comment>
  <comment xml:lang="oc">document WordPerfect</comment>
  <comment xml:lang="pl">Dokument WordPerfect</comment>
  <comment xml:lang="pt">documento WordPerfect</comment>
  <comment xml:lang="pt_BR">Documento do WordPerfect</comment>
  <comment xml:lang="ro">Document WordPerfect</comment>
  <comment xml:lang="ru">документ WordPerfect</comment>
  <comment xml:lang="sk">Dokument WordPerfect</comment>
  <comment xml:lang="sl">Dokument WordPerfect</comment>
  <comment xml:lang="sq">Dokument WordPerfect</comment>
  <comment xml:lang="sr">документ Ворд Перфекта</comment>
  <comment xml:lang="sv">WordPerfect-dokument</comment>
  <comment xml:lang="tr">WordPerfect belgesi</comment>
  <comment xml:lang="uk">документ WordPerfect</comment>
  <comment xml:lang="vi">Tài liệu WordPerfect</comment>
  <comment xml:lang="zh_CN">WordPerfect 文档</comment>
  <comment xml:lang="zh_TW">WordPerfect 文件</comment>
  <alias type="application/x-wordperfect"/>
  <alias type="application/wordperfect"/>
  <generic-icon name="x-office-document"/>
  <glob pattern="*.wp"/>
  <glob pattern="*.wp4"/>
  <glob pattern="*.wp5"/>
  <glob pattern="*.wp6"/>
  <glob pattern="*.wpd"/>
  <glob pattern="*.wpp"/>
</mime-type>
