<?xml version="1.0" encoding="utf-8"?>
<mime-type xmlns="http://www.freedesktop.org/standards/shared-mime-info" type="application/vnd.lotus-wordpro">
  <!--Created automatically by update-mime-database. DO NOT EDIT!-->
  <comment>Lotus Word Pro</comment>
  <comment xml:lang="ca">Lotus Word Pro</comment>
  <comment xml:lang="cs">Lotus Word Pro</comment>
  <comment xml:lang="da">Lotus Word Pro</comment>
  <comment xml:lang="de">Lotus Word Pro</comment>
  <comment xml:lang="el">Lotus Word Pro</comment>
  <comment xml:lang="en_GB">Lotus Word Pro</comment>
  <comment xml:lang="es">Lotus Word Pro</comment>
  <comment xml:lang="eu">Lotus Word Pro</comment>
  <comment xml:lang="fi">Lotus Word Pro</comment>
  <comment xml:lang="fr">Lotus Word Pro</comment>
  <comment xml:lang="gl">Lotus Word Pro</comment>
  <comment xml:lang="he">Lotus Word Pro</comment>
  <comment xml:lang="hr">Lotus Word Pro</comment>
  <comment xml:lang="hu">Lotus Word Pro</comment>
  <comment xml:lang="ia">Lotus Word Pro</comment>
  <comment xml:lang="id">Lotus Word Pro</comment>
  <comment xml:lang="it">Lotus Word Pro</comment>
  <comment xml:lang="ja">Lotus Word Pro</comment>
  <comment xml:lang="kk">Lotus Word Pro</comment>
  <comment xml:lang="ko">Lotus Word Pro</comment>
  <comment xml:lang="lv">Lotus Word Pro</comment>
  <comment xml:lang="oc">Lotus Word Pro</comment>
  <comment xml:lang="pl">Lotus Word Pro</comment>
  <comment xml:lang="pt">Lotus Word Pro</comment>
  <comment xml:lang="pt_BR">Lotus Word Pro</comment>
  <comment xml:lang="ru">Lotus Word Pro</comment>
  <comment xml:lang="sk">Lotus Word Pro</comment>
  <comment xml:lang="sl">Lotus Word Pro</comment>
  <comment xml:lang="sr">Лотусов Писац Про</comment>
  <comment xml:lang="sv">Lotus Word Pro</comment>
  <comment xml:lang="tr">Lotus Word Pro</comment>
  <comment xml:lang="uk">Lotus Word Pro</comment>
  <comment xml:lang="zh_CN">Lotus Word Pro</comment>
  <comment xml:lang="zh_TW">Lotus Word Pro</comment>
  <generic-icon name="x-office-document"/>
  <glob pattern="*.lwp"/>
</mime-type>
