<?xml version="1.0" encoding="utf-8"?>
<mime-type xmlns="http://www.freedesktop.org/standards/shared-mime-info" type="application/x-applix-word">
  <!--Created automatically by update-mime-database. DO NOT EDIT!-->
  <comment>Applix Words document</comment>
  <comment xml:lang="ar">مستند كلمات Applix</comment>
  <comment xml:lang="az">Applix Words sənədi</comment>
  <comment xml:lang="be@latin">Dakument Applix Words</comment>
  <comment xml:lang="bg">Документ — Applix Words</comment>
  <comment xml:lang="ca">document d'Applix Words</comment>
  <comment xml:lang="cs">dokument Applix Words</comment>
  <comment xml:lang="cy">Dogfen Applix Words</comment>
  <comment xml:lang="da">Applix Words-dokument</comment>
  <comment xml:lang="de">Applix-Words-Dokument</comment>
  <comment xml:lang="el">Έγγραφο Applix Words</comment>
  <comment xml:lang="en_GB">Applix Words document</comment>
  <comment xml:lang="eo">dokumento de Applix Words</comment>
  <comment xml:lang="es">documento de Applix Words</comment>
  <comment xml:lang="eu">Applix Words dokumentua</comment>
  <comment xml:lang="fi">Applix Words -asiakirja</comment>
  <comment xml:lang="fo">Applix Words skjal</comment>
  <comment xml:lang="fr">document Applix Words</comment>
  <comment xml:lang="ga">cáipéis Applix Words</comment>
  <comment xml:lang="gl">documento de Applix Words</comment>
  <comment xml:lang="he">מסמך של Applix Words</comment>
  <comment xml:lang="hr">Applix Words dokument</comment>
  <comment xml:lang="hu">Applix Words-dokumentum</comment>
  <comment xml:lang="ia">Documento Applix Words</comment>
  <comment xml:lang="id">Dokumen Applix Words</comment>
  <comment xml:lang="it">Documento Applix Words</comment>
  <comment xml:lang="ja">Applix Words ドキュメント</comment>
  <comment xml:lang="ka">Applix Words-ის დოკუმენტი</comment>
  <comment xml:lang="kk">Applix Words құжаты</comment>
  <comment xml:lang="ko">Applix Words 문서</comment>
  <comment xml:lang="lt">Applix Words dokumentas</comment>
  <comment xml:lang="lv">Applix Words dokuments</comment>
  <comment xml:lang="ms">Dokumen Perkataan Applix</comment>
  <comment xml:lang="nb">Applix Words-dokument</comment>
  <comment xml:lang="nl">Applix Words-document</comment>
  <comment xml:lang="nn">Applix Words dokument</comment>
  <comment xml:lang="oc">document Applix Words</comment>
  <comment xml:lang="pl">Dokument Applix Words</comment>
  <comment xml:lang="pt">documento Applix Words</comment>
  <comment xml:lang="pt_BR">Documento do Applix Words</comment>
  <comment xml:lang="ro">Document Applix Words</comment>
  <comment xml:lang="ru">документ Applix Words</comment>
  <comment xml:lang="sk">Dokument Applix Words</comment>
  <comment xml:lang="sl">Dokument Applix Words</comment>
  <comment xml:lang="sq">Dokument Applix Words</comment>
  <comment xml:lang="sr">документ Апликсових Речи</comment>
  <comment xml:lang="sv">Applix Words-dokument</comment>
  <comment xml:lang="tr">Applix Words belgesi</comment>
  <comment xml:lang="uk">документ Applix Words</comment>
  <comment xml:lang="vi">Tài liệu Applix Words</comment>
  <comment xml:lang="zh_CN">Applix Words 文档</comment>
  <comment xml:lang="zh_TW">Applix Words 文件</comment>
  <generic-icon name="x-office-document"/>
  <glob pattern="*.aw"/>
</mime-type>
