<?xml version="1.0" encoding="utf-8"?>
<mime-type xmlns="http://www.freedesktop.org/standards/shared-mime-info" type="application/x-aportisdoc">
  <!--Created automatically by update-mime-database. DO NOT EDIT!-->
  <comment>AportisDoc document</comment>
  <comment xml:lang="ar">مستند AportisDoc</comment>
  <comment xml:lang="bg">Документ — AportisDoc</comment>
  <comment xml:lang="ca">document AportisDoc</comment>
  <comment xml:lang="cs">dokument AportisDoc</comment>
  <comment xml:lang="da">AportisDoc-dokument</comment>
  <comment xml:lang="de">AportisDoc-Dokument</comment>
  <comment xml:lang="el">Έγγραφο AportisDoc</comment>
  <comment xml:lang="en_GB">AportisDoc document</comment>
  <comment xml:lang="eo">AportisDoc-dokumento</comment>
  <comment xml:lang="es">documento de AportisDoc</comment>
  <comment xml:lang="eu">AportisDoc dokumentua</comment>
  <comment xml:lang="fi">AportisDoc-asiakirja</comment>
  <comment xml:lang="fo">AportisDoc skjal</comment>
  <comment xml:lang="fr">document AportisDoc</comment>
  <comment xml:lang="ga">cáipéis AportisDoc</comment>
  <comment xml:lang="gl">documento de AportiDoc</comment>
  <comment xml:lang="he">מסמך AportisDoc</comment>
  <comment xml:lang="hr">AportisDoc dokument</comment>
  <comment xml:lang="hu">AportisDoc-dokumentum</comment>
  <comment xml:lang="ia">Documento AportisDoc</comment>
  <comment xml:lang="id">Dokumen AportisDoc</comment>
  <comment xml:lang="it">Documento AportisDoc</comment>
  <comment xml:lang="ja">AportisDoc ドキュメント</comment>
  <comment xml:lang="ka">AportisDoc-ის დოკუმენტი</comment>
  <comment xml:lang="kk">AportisDoc құжаты</comment>
  <comment xml:lang="ko">AportisDoc 문서</comment>
  <comment xml:lang="lt">AportisDoc dokumentas</comment>
  <comment xml:lang="lv">AportisDoc dokuments</comment>
  <comment xml:lang="nl">AportisDoc-document</comment>
  <comment xml:lang="oc">document AportisDoc</comment>
  <comment xml:lang="pl">Dokument AportisDoc</comment>
  <comment xml:lang="pt">documento AportisDoc</comment>
  <comment xml:lang="pt_BR">Documento do AportisDoc</comment>
  <comment xml:lang="ro">Document AportisDoc</comment>
  <comment xml:lang="ru">документ AportisDoc</comment>
  <comment xml:lang="sk">Dokument AportisDoc</comment>
  <comment xml:lang="sl">Dokument AportisDoc</comment>
  <comment xml:lang="sr">Апортис Док документ</comment>
  <comment xml:lang="sv">AportisDoc-dokument</comment>
  <comment xml:lang="tr">AportisDoc belgesi</comment>
  <comment xml:lang="uk">документ AportisDoc</comment>
  <comment xml:lang="vi">Tài liệu AportisDoc</comment>
  <comment xml:lang="zh_CN">AportisDoc 文档</comment>
  <comment xml:lang="zh_TW">AportisDoc 文件</comment>
  <sub-class-of type="application/vnd.palm"/>
  <generic-icon name="x-office-document"/>
  <glob pattern="*.pdb"/>
  <glob pattern="*.pdc"/>
</mime-type>
