<?xml version="1.0" encoding="utf-8"?>
<mime-type xmlns="http://www.freedesktop.org/standards/shared-mime-info" type="application/x-atari-7800-rom">
  <!--Created automatically by update-mime-database. DO NOT EDIT!-->
  <comment>Atari 7800</comment>
  <comment xml:lang="ca">Atari 7800</comment>
  <comment xml:lang="da">Atari 7800</comment>
  <comment xml:lang="de">Atari 7800</comment>
  <comment xml:lang="es">Atari 7800</comment>
  <comment xml:lang="fi">Atari 7800</comment>
  <comment xml:lang="fr">Atari 7800</comment>
  <comment xml:lang="he">אטארי 7800</comment>
  <comment xml:lang="hu">Atari 7800</comment>
  <comment xml:lang="kk">Atari 7800</comment>
  <comment xml:lang="ko">Atari 7800</comment>
  <comment xml:lang="pl">Atari 7800</comment>
  <comment xml:lang="pt_BR">Atari 7800</comment>
  <comment xml:lang="ru">Atari 7800</comment>
  <comment xml:lang="sk">Atari 7800</comment>
  <comment xml:lang="uk">Atari 7800</comment>
  <comment xml:lang="zh_CN">雅达利 7800</comment>
  <comment xml:lang="zh_TW">Atari 7800</comment>
  <generic-icon name="application-x-executable"/>
  <glob pattern="*.a78"/>
</mime-type>
