<?xml version="1.0" encoding="utf-8"?>
<mime-type xmlns="http://www.freedesktop.org/standards/shared-mime-info" type="application/x-bzip-compressed-tar">
  <!--Created automatically by update-mime-database. DO NOT EDIT!-->
  <comment>Tar archive (bzip-compressed)</comment>
  <comment xml:lang="ar">أرشيف Tar (مضغوط-bzip)</comment>
  <comment xml:lang="be@latin">Archiŭ tar (bzip-skampresavany)</comment>
  <comment xml:lang="bg">Архив — tar, компресиран с bzip</comment>
  <comment xml:lang="ca">arxiu tar (amb compressió bzip)</comment>
  <comment xml:lang="cs">archiv Tar (komprimovaný pomocí bzip)</comment>
  <comment xml:lang="da">Tar-arkiv (bzip-komprimeret)</comment>
  <comment xml:lang="de">Tar-Archiv (bzip-komprimiert)</comment>
  <comment xml:lang="el">Αρχείο Tar (συμπιεσμένο με bzip)</comment>
  <comment xml:lang="en_GB">Tar archive (bzip-compressed)</comment>
  <comment xml:lang="es">archivador Tar (comprimido con bzip)</comment>
  <comment xml:lang="eu">Tar artxiboa (bzip-ekin konprimitua)</comment>
  <comment xml:lang="fi">Tar-arkisto (bzip-pakattu)</comment>
  <comment xml:lang="fo">Tar skjalasavn (bzip-stappað)</comment>
  <comment xml:lang="fr">archive tar (compressée bzip)</comment>
  <comment xml:lang="ga">cartlann Tar (comhbhrúite le bzip)</comment>
  <comment xml:lang="gl">arquivo Tar (comprimido con bzip)</comment>
  <comment xml:lang="he">ארכיון Tar (מכווץ ע״י bzip)</comment>
  <comment xml:lang="hr">Tar arhiva (komprimirana bzip-om)</comment>
  <comment xml:lang="hu">Tar archívum (bzip-pel tömörítve)</comment>
  <comment xml:lang="ia">Archivo Tar (comprimite con bzip)</comment>
  <comment xml:lang="id">Arsip Tar (terkompresi bzip)</comment>
  <comment xml:lang="it">Archivio tar (compresso con bzip)</comment>
  <comment xml:lang="ja">Tar アーカイブ (bzip 圧縮)</comment>
  <comment xml:lang="kk">Tar архиві (bzip-пен сығылған)</comment>
  <comment xml:lang="ko">TAR 묶음 파일(BZIP 압축)</comment>
  <comment xml:lang="lt">Tar archyvas (suglaudintas su bzip)</comment>
  <comment xml:lang="lv">Tar arhīvs (saspiests ar bzip)</comment>
  <comment xml:lang="nb">Tar-arkiv (bzip-komprimert)</comment>
  <comment xml:lang="nl">Tar-archief (ingepakt met bzip)</comment>
  <comment xml:lang="nn">Tar-arkiv (pakka med bzip)</comment>
  <comment xml:lang="oc">archiu tar (compressat bzip)</comment>
  <comment xml:lang="pl">Archiwum tar (kompresja bzip)</comment>
  <comment xml:lang="pt">arquivo Tar (compressão bzip)</comment>
  <comment xml:lang="pt_BR">Pacote Tar (compactado com bzip)</comment>
  <comment xml:lang="ro">Arhivă Tar (comprimată bzip)</comment>
  <comment xml:lang="ru">архив TAR (сжатый BZIP)</comment>
  <comment xml:lang="sk">Archív tar (komprimovaný pomocou bzip)</comment>
  <comment xml:lang="sl">Datoteka arhiva Tar (stisnjen z bzip)</comment>
  <comment xml:lang="sq">Arkiv tar (i kompresuar me bzip)</comment>
  <comment xml:lang="sr">Тар архива (запакована бзипом)</comment>
  <comment xml:lang="sv">Tar-arkiv (bzip-komprimerat)</comment>
  <comment xml:lang="tr">Tar arşivi (bzip ile sıkıştırılmış)</comment>
  <comment xml:lang="uk">архів tar (стиснений bzip)</comment>
  <comment xml:lang="vi">Kho nén tar (đã nén bzip)</comment>
  <comment xml:lang="zh_CN">Tar 归档文件(bzip 压缩)</comment>
  <comment xml:lang="zh_TW">Tar 封存檔 (bzip 格式壓縮)</comment>
  <generic-icon name="package-x-generic"/>
  <sub-class-of type="application/x-bzip"/>
  <glob pattern="*.tar.bz2"/>
  <glob pattern="*.tar.bz"/>
  <glob pattern="*.tbz2"/>
  <glob pattern="*.tbz"/>
  <glob pattern="*.tb2"/>
</mime-type>
