<?xml version="1.0" encoding="utf-8"?>
<mime-type xmlns="http://www.freedesktop.org/standards/shared-mime-info" type="application/x-dia-diagram">
  <!--Created automatically by update-mime-database. DO NOT EDIT!-->
  <comment>Dia diagram</comment>
  <comment xml:lang="ar">خطاطة Dia</comment>
  <comment xml:lang="az">Dia diaqramı</comment>
  <comment xml:lang="be@latin">Dyjahrama Dia</comment>
  <comment xml:lang="bg">Диаграма — Dia</comment>
  <comment xml:lang="ca">diagrama de Dia</comment>
  <comment xml:lang="cs">diagram Dia</comment>
  <comment xml:lang="cy">Diagram Dia</comment>
  <comment xml:lang="da">Dia-diagram</comment>
  <comment xml:lang="de">Dia-Diagramm</comment>
  <comment xml:lang="el">Διάγραμμα Dia</comment>
  <comment xml:lang="en_GB">Dia diagram</comment>
  <comment xml:lang="eo">Dia-diagramo</comment>
  <comment xml:lang="es">diagrama de Dia</comment>
  <comment xml:lang="eu">Dia diagrama</comment>
  <comment xml:lang="fi">Dia-kaavio</comment>
  <comment xml:lang="fo">Dia ritmynd</comment>
  <comment xml:lang="fr">diagramme Dia</comment>
  <comment xml:lang="ga">léaráid Dia</comment>
  <comment xml:lang="gl">diagrama de Dia</comment>
  <comment xml:lang="he">גרף של Dia</comment>
  <comment xml:lang="hr">Dia dijagram</comment>
  <comment xml:lang="hu">Dia-diagram</comment>
  <comment xml:lang="ia">Diagramma Dia</comment>
  <comment xml:lang="id">Diagram Dia</comment>
  <comment xml:lang="it">Diagramma Dia</comment>
  <comment xml:lang="ja">Dia ダイアグラム</comment>
  <comment xml:lang="ka">Dia-ის დიაგრამა</comment>
  <comment xml:lang="kk">Dia диаграммасы</comment>
  <comment xml:lang="ko">Dia 다이어그램</comment>
  <comment xml:lang="lt">Dia diagrama</comment>
  <comment xml:lang="lv">Dia diagramma</comment>
  <comment xml:lang="ms">Diagram Dia</comment>
  <comment xml:lang="nb">Dia-diagram</comment>
  <comment xml:lang="nl">Dia-diagram</comment>
  <comment xml:lang="nn">Dia diagram</comment>
  <comment xml:lang="oc">diagrama Dia</comment>
  <comment xml:lang="pl">Diagram Dia</comment>
  <comment xml:lang="pt">diagrama Dia</comment>
  <comment xml:lang="pt_BR">Diagrama do Dia</comment>
  <comment xml:lang="ro">Diagramă Dia</comment>
  <comment xml:lang="ru">диаграмма Dia</comment>
  <comment xml:lang="sk">Diagram Dia</comment>
  <comment xml:lang="sl">Datoteka diagrama Dia</comment>
  <comment xml:lang="sq">Diagramë Dia</comment>
  <comment xml:lang="sr">дијаграм Дие</comment>
  <comment xml:lang="sv">Dia-diagram</comment>
  <comment xml:lang="tr">Dia çizimi</comment>
  <comment xml:lang="uk">діаграма Dia</comment>
  <comment xml:lang="vi">Biểu đồ Dia</comment>
  <comment xml:lang="zh_CN">Dia 图表</comment>
  <comment xml:lang="zh_TW">Dia 圖表</comment>
  <generic-icon name="image-x-generic"/>
  <sub-class-of type="application/xml"/>
  <glob pattern="*.dia"/>
</mime-type>
