<?xml version="1.0" encoding="utf-8"?>
<mime-type xmlns="http://www.freedesktop.org/standards/shared-mime-info" type="application/x-font-linux-psf">
  <!--Created automatically by update-mime-database. DO NOT EDIT!-->
  <comment>Linux PSF console font</comment>
  <comment xml:lang="ar">خط كونسول PSF لينكس</comment>
  <comment xml:lang="az">Linux PSF konsol yazı növü</comment>
  <comment xml:lang="be@latin">Kansolny šryft PSF dla Linuksa</comment>
  <comment xml:lang="bg">Шрифт — PSF, за конзолата на Линукс</comment>
  <comment xml:lang="ca">tipus de lletra de consola Linux PSF</comment>
  <comment xml:lang="cs">písmo PSF pro konzolu Linuxu</comment>
  <comment xml:lang="cy">Ffont Linux PSF</comment>
  <comment xml:lang="da">Linux PSF-konsolskrifttype</comment>
  <comment xml:lang="de">Linux-PSF-Konsolenschrift</comment>
  <comment xml:lang="el">Γραμματοσειρά κονσόλας PSF Linux</comment>
  <comment xml:lang="en_GB">Linux PSF console font</comment>
  <comment xml:lang="eo">PSF-tiparo de Linux-konzolo</comment>
  <comment xml:lang="es">tipo de letra de consola Linux PSF</comment>
  <comment xml:lang="eu">Linux PSF kontsolako letra-tipoa</comment>
  <comment xml:lang="fi">Linux PSF -konsolifontti</comment>
  <comment xml:lang="fo">Linux PSF stýristøðs stavasnið</comment>
  <comment xml:lang="fr">police console Linux PSF</comment>
  <comment xml:lang="ga">cló chonsól Linux PSF</comment>
  <comment xml:lang="gl">tipo de fonte de consola Linux PSF</comment>
  <comment xml:lang="he">גופן לקונסול מסוג Linux PSF</comment>
  <comment xml:lang="hr">Linux PSF konzolni font</comment>
  <comment xml:lang="hu">Linux PSF konzolos betűkészlet</comment>
  <comment xml:lang="ia">Typo de litteras console Linux PSF</comment>
  <comment xml:lang="id">Fonta konsol Linux PSF</comment>
  <comment xml:lang="it">Carattere console Linux PSF</comment>
  <comment xml:lang="ja">Linux PSF コンソールフォント</comment>
  <comment xml:lang="kk">Linux PSF консольдік қарібі</comment>
  <comment xml:lang="ko">리눅스 PSF 콘솔 글꼴</comment>
  <comment xml:lang="lt">Linux PSF konsolės šriftas</comment>
  <comment xml:lang="lv">Linux PSF konsoles fonts</comment>
  <comment xml:lang="ms">Font konsol PSF Linux</comment>
  <comment xml:lang="nb">Linux PSF konsollskrifttype</comment>
  <comment xml:lang="nl">Linux PSF-console-lettertype</comment>
  <comment xml:lang="nn">Linux PSF konsoll-skrifttype</comment>
  <comment xml:lang="oc">poliça consòla Linux PSF</comment>
  <comment xml:lang="pl">Czcionka konsoli PSF Linux</comment>
  <comment xml:lang="pt">letra de consola Linux PSF</comment>
  <comment xml:lang="pt_BR">Fonte de console Linux PSF</comment>
  <comment xml:lang="ro">Font consolă Linux PSF</comment>
  <comment xml:lang="ru">консольный шрифт Linux PSF</comment>
  <comment xml:lang="sk">Písmo PSF pre konzolu Linuxu</comment>
  <comment xml:lang="sl">Datoteka pisave konzole Linux PSF</comment>
  <comment xml:lang="sq">Lloj gërme për konsolë Linux PSF</comment>
  <comment xml:lang="sr">слова Линуксове ПСФ конзоле</comment>
  <comment xml:lang="sv">Linux PSF-konsoltypsnitt</comment>
  <comment xml:lang="tr">Linux PSF konsol fontu</comment>
  <comment xml:lang="uk">консольний шрифт Linux PSF</comment>
  <comment xml:lang="vi">Phông chữ bàn giao tiếp PSF Linux</comment>
  <comment xml:lang="zh_CN">Linux PSF 控制台字体</comment>
  <comment xml:lang="zh_TW">Linux PSF console 字型</comment>
  <generic-icon name="font-x-generic"/>
  <glob pattern="*.psf"/>
</mime-type>
