<?xml version="1.0" encoding="utf-8"?>
<mime-type xmlns="http://www.freedesktop.org/standards/shared-mime-info" type="application/x-genesis-32x-rom">
  <!--Created automatically by update-mime-database. DO NOT EDIT!-->
  <comment>Genesis 32X ROM</comment>
  <comment xml:lang="ca">ROM de Genesis 32X</comment>
  <comment xml:lang="da">Genesis 32X ROM</comment>
  <comment xml:lang="de">Genesis 32X ROM</comment>
  <comment xml:lang="es">ROM de Genesis 32X</comment>
  <comment xml:lang="fi">Genesis 32X -ROM</comment>
  <comment xml:lang="fr">ROM Genesis 32X</comment>
  <comment xml:lang="he">ROM מסוג Genesis 32X</comment>
  <comment xml:lang="hu">Genesis 32X ROM</comment>
  <comment xml:lang="kk">Genesis 32X ROM</comment>
  <comment xml:lang="ko">제네시스 32X 롬</comment>
  <comment xml:lang="pl">Plik ROM konsoli Mega Drive 32X</comment>
  <comment xml:lang="pt_BR">ROM de Genesis 32X</comment>
  <comment xml:lang="ru">Genesis 32X ROM</comment>
  <comment xml:lang="sk">ROM pre Genesis 32X</comment>
  <comment xml:lang="uk">ППП Genesis 32X</comment>
  <comment xml:lang="zh_CN">Genesis 32X ROM</comment>
  <comment xml:lang="zh_TW">Genesis 32X ROM</comment>
  <generic-icon name="application-x-executable"/>
  <glob pattern="*.32x"/>
  <glob pattern="*.mdx"/>
</mime-type>
