<?xml version="1.0" encoding="utf-8"?>
<mime-type xmlns="http://www.freedesktop.org/standards/shared-mime-info" type="application/x-java-jce-keystore">
  <!--Created automatically by update-mime-database. DO NOT EDIT!-->
  <comment>Java JCE keystore</comment>
  <comment xml:lang="ar">مخزن مفاتيح Java JCE</comment>
  <comment xml:lang="bg">Ключодържател — Java JCE</comment>
  <comment xml:lang="ca">magatzem de claus JCE de Java</comment>
  <comment xml:lang="cs">úložiště klíčů Java JCE</comment>
  <comment xml:lang="da">Java JCE-nøglelager</comment>
  <comment xml:lang="de">Java JCE-Schlüsselbund</comment>
  <comment xml:lang="el">Αποθήκη κλειδιών Java JCE</comment>
  <comment xml:lang="en_GB">Java JCE keystore</comment>
  <comment xml:lang="es">almacén de claves JCE de Java</comment>
  <comment xml:lang="eu">Java JCE-ren gako-biltegia</comment>
  <comment xml:lang="fi">Java JCE -avainvarasto</comment>
  <comment xml:lang="fo">Java JCE lyklagoymsla</comment>
  <comment xml:lang="fr">stockage de clés Java JCE</comment>
  <comment xml:lang="ga">eochairstór Java JCE</comment>
  <comment xml:lang="gl">almacén de chves JCE de Java</comment>
  <comment xml:lang="he">אחסון מפתחות של Java JCE</comment>
  <comment xml:lang="hr">Java JCE baza ključeva</comment>
  <comment xml:lang="hu">Java JCE kulcstároló</comment>
  <comment xml:lang="ia">Magazin de claves Java JCE</comment>
  <comment xml:lang="id">Penyimpanan kunci Java JCE</comment>
  <comment xml:lang="it">Keystore Java JCE</comment>
  <comment xml:lang="ja">Java JCE キーストア</comment>
  <comment xml:lang="kk">Java JCE сақталымы</comment>
  <comment xml:lang="ko">Java JCE 키 저장소</comment>
  <comment xml:lang="lt">Java JCE raktų saugykla</comment>
  <comment xml:lang="lv">Java JCE keystore</comment>
  <comment xml:lang="nl">Java JCE keystore</comment>
  <comment xml:lang="oc">emmagazinatge de claus Java JCE</comment>
  <comment xml:lang="pl">Baza kluczy Java JCE</comment>
  <comment xml:lang="pt">armazém de chaves JavaJCE</comment>
  <comment xml:lang="pt_BR">Keystore JCE do Java</comment>
  <comment xml:lang="ro">Stocare chei Java JCE</comment>
  <comment xml:lang="ru">хранилище ключей Java JCE</comment>
  <comment xml:lang="sk">Úložisko kľúčov Java JCE</comment>
  <comment xml:lang="sl">Datoteka tipkovne razporeditve Java JCE</comment>
  <comment xml:lang="sr">смештај ЈЦЕ кључа Јаве</comment>
  <comment xml:lang="sv">Java JCE-nyckellager</comment>
  <comment xml:lang="tr">Java JCE deposu</comment>
  <comment xml:lang="uk">сховище ключів JCE Java</comment>
  <comment xml:lang="zh_CN">Java JCE 密钥库</comment>
  <comment xml:lang="zh_TW">Java JCE 金鑰儲存</comment>
  <acronym>JCE</acronym>
  <expanded-acronym>Java Cryptography Extension</expanded-acronym>
  <glob pattern="*.jceks"/>
</mime-type>
