<?xml version="1.0" encoding="utf-8"?>
<mime-type xmlns="http://www.freedesktop.org/standards/shared-mime-info" type="application/x-lz4">
  <!--Created automatically by update-mime-database. DO NOT EDIT!-->
  <comment>LZ4 archive</comment>
  <comment xml:lang="ca">arxiu LZ4</comment>
  <comment xml:lang="cs">archiv LZ4</comment>
  <comment xml:lang="da">LZ4-arkiv</comment>
  <comment xml:lang="de">LZ4-Archiv</comment>
  <comment xml:lang="el">Συμπιεσμένο αρχείο LZ4</comment>
  <comment xml:lang="en_GB">LZ4 archive</comment>
  <comment xml:lang="es">archivador LZ4</comment>
  <comment xml:lang="eu">LZ4 artxiboa</comment>
  <comment xml:lang="fi">LZ4-arkisto</comment>
  <comment xml:lang="fr">archive LZ4</comment>
  <comment xml:lang="gl">Arquivo LZ4</comment>
  <comment xml:lang="he">ארכיון LZ4</comment>
  <comment xml:lang="hr">LZ4 arhiva</comment>
  <comment xml:lang="hu">LZ4 archívum</comment>
  <comment xml:lang="ia">Archivo LZ4</comment>
  <comment xml:lang="id">Arsip LZ4</comment>
  <comment xml:lang="it">Archivio LZ4</comment>
  <comment xml:lang="kk">LZ4 архиві</comment>
  <comment xml:lang="ko">LZ4 압축 파일</comment>
  <comment xml:lang="oc">archiu LZ4</comment>
  <comment xml:lang="pl">Archiwum LZ4</comment>
  <comment xml:lang="pt">arquivo LZ4</comment>
  <comment xml:lang="pt_BR">Pacote LZ4</comment>
  <comment xml:lang="ru">архив LZ4</comment>
  <comment xml:lang="sk">Archív LZ4</comment>
  <comment xml:lang="sl">Datoteka arhiva LZ4</comment>
  <comment xml:lang="sr">ЛЗ4 архива</comment>
  <comment xml:lang="sv">LZ4-arkiv</comment>
  <comment xml:lang="tr">LZ4 arşivi</comment>
  <comment xml:lang="uk">архів LZ4</comment>
  <comment xml:lang="zh_CN">LZ4 归档文件</comment>
  <comment xml:lang="zh_TW">LZ4 封存檔</comment>
  <generic-icon name="package-x-generic"/>
  <glob pattern="*.lz4"/>
</mime-type>
