<?xml version="1.0" encoding="utf-8"?>
<mime-type xmlns="http://www.freedesktop.org/standards/shared-mime-info" type="application/x-msi">
  <!--Created automatically by update-mime-database. DO NOT EDIT!-->
  <comment>Windows Installer package</comment>
  <comment xml:lang="ar">حزمة مثبّت ويندوز</comment>
  <comment xml:lang="be@latin">Pakunak Windows Installer</comment>
  <comment xml:lang="bg">Пакет — инсталация за Windows</comment>
  <comment xml:lang="ca">paquet de Windows Installer</comment>
  <comment xml:lang="cs">balíček Windows Installer</comment>
  <comment xml:lang="da">Windows Installer-pakke</comment>
  <comment xml:lang="de">Windows-Installationspaket</comment>
  <comment xml:lang="el">Πακέτο Windows Installer</comment>
  <comment xml:lang="en_GB">Windows Installer package</comment>
  <comment xml:lang="es">paquete de instalación de Windows</comment>
  <comment xml:lang="eu">Windows-eko pakete instalatzailea</comment>
  <comment xml:lang="fi">Windows-asennuspaketti</comment>
  <comment xml:lang="fo">Windows innleggingarpakki</comment>
  <comment xml:lang="fr">paquet d'installation Windows</comment>
  <comment xml:lang="ga">pacáiste Windows Installer</comment>
  <comment xml:lang="gl">paquete de instalación de Windows</comment>
  <comment xml:lang="he">חבילה של Windows Installer</comment>
  <comment xml:lang="hr">Windows Installer paket</comment>
  <comment xml:lang="hu">Windows Installer csomag</comment>
  <comment xml:lang="ia">Pacchetto Windows Installer</comment>
  <comment xml:lang="id">Paket Windows Installer</comment>
  <comment xml:lang="it">Pacchetto Windows Installer</comment>
  <comment xml:lang="ja">Windows インストーラパッケージ</comment>
  <comment xml:lang="kk">Windows Installer дестесі</comment>
  <comment xml:lang="ko">Windows 설치 패키지</comment>
  <comment xml:lang="lt">Windows Installer paketas</comment>
  <comment xml:lang="lv">Windows Installer pakotne</comment>
  <comment xml:lang="nl">Windows-installatiepakket</comment>
  <comment xml:lang="nn">Windows Installer-pakke</comment>
  <comment xml:lang="oc">paquet d'installacion Windows</comment>
  <comment xml:lang="pl">Pakiet instalatora Windows</comment>
  <comment xml:lang="pt">pacote de instalação Windows</comment>
  <comment xml:lang="pt_BR">Pacote do Windows Installer</comment>
  <comment xml:lang="ro">Pachet instalator Windows</comment>
  <comment xml:lang="ru">пакет Windows Installer</comment>
  <comment xml:lang="sk">Balík Windows Installer</comment>
  <comment xml:lang="sl">Datoteka paketa Windows namestilnika</comment>
  <comment xml:lang="sq">Paketë Windows Installer</comment>
  <comment xml:lang="sr">пакет Виндоузовог инсталатера</comment>
  <comment xml:lang="sv">Windows Installer-paket</comment>
  <comment xml:lang="tr">Windows Installer paketi</comment>
  <comment xml:lang="uk">пакунок Windows Installer</comment>
  <comment xml:lang="vi">Gói cài đặt Windows</comment>
  <comment xml:lang="zh_CN">Windows 程序安装包</comment>
  <comment xml:lang="zh_TW">Windows Installer 軟體包</comment>
  <sub-class-of type="application/x-ole-storage"/>
  <glob pattern="*.msi"/>
</mime-type>
