<?xml version="1.0" encoding="utf-8"?>
<mime-type xmlns="http://www.freedesktop.org/standards/shared-mime-info" type="application/x-neo-geo-pocket-rom">
  <!--Created automatically by update-mime-database. DO NOT EDIT!-->
  <comment>Neo-Geo Pocket ROM</comment>
  <comment xml:lang="ca">ROM de Neo-Geo Pocket</comment>
  <comment xml:lang="da">Neo-Geo Pocket ROM</comment>
  <comment xml:lang="de">Neo-Geo Pocket ROM</comment>
  <comment xml:lang="es">ROM de Neo-Geo Pocket</comment>
  <comment xml:lang="fi">Neo-Geo Pocket -ROM</comment>
  <comment xml:lang="fr">ROM Neo-Geo Pocket</comment>
  <comment xml:lang="hu">Neo-Geo Pocket ROM</comment>
  <comment xml:lang="kk">Neo-Geo Pocket ROM</comment>
  <comment xml:lang="ko">네오지오 포켓 롬</comment>
  <comment xml:lang="pl">Plik ROM konsoli Neo-Geo Pocket</comment>
  <comment xml:lang="pt_BR">ROM de Neo-Geo Pocket</comment>
  <comment xml:lang="ru">Neo-Geo Pocket ROM</comment>
  <comment xml:lang="sk">ROM pre Neo-Geo Pocket</comment>
  <comment xml:lang="uk">ППП Neo-Geo Pocket</comment>
  <comment xml:lang="zh_CN">Neo-Geo Pocket ROM</comment>
  <comment xml:lang="zh_TW">Neo-Geo Pocket ROM</comment>
  <generic-icon name="application-x-executable"/>
  <glob pattern="*.ngp"/>
</mime-type>
