<?xml version="1.0" encoding="utf-8"?>
<mime-type xmlns="http://www.freedesktop.org/standards/shared-mime-info" type="application/x-partial-download">
  <!--Created automatically by update-mime-database. DO NOT EDIT!-->
  <comment>Partially downloaded file</comment>
  <comment xml:lang="ca">fitxer baixat parcialment</comment>
  <comment xml:lang="cs">částečně stažený soubor</comment>
  <comment xml:lang="da">Delvist hentet fil</comment>
  <comment xml:lang="de">Teilweise heruntergeladene Datei</comment>
  <comment xml:lang="el">Μερικώς ληφθέντο αρχείο</comment>
  <comment xml:lang="en_GB">Partially downloaded file</comment>
  <comment xml:lang="es">archivo descargado parcialmente</comment>
  <comment xml:lang="eu">Partzialki deskargatutako fitxategia</comment>
  <comment xml:lang="fi">Osittain ladattu tiedosto</comment>
  <comment xml:lang="fr">fichier partiellement téléchargé</comment>
  <comment xml:lang="gl">Ficheiro descargado parcialmente</comment>
  <comment xml:lang="he">קובץ שהתקבל חלקית</comment>
  <comment xml:lang="hr">Djelomično preuzeta datoteka</comment>
  <comment xml:lang="hu">Részben letöltött fájl</comment>
  <comment xml:lang="ia">File partialmente discargate</comment>
  <comment xml:lang="id">Berkas yang terunduh sebagian</comment>
  <comment xml:lang="it">File parzialmente scaricato</comment>
  <comment xml:lang="kk">Жартылай жүктелген файл</comment>
  <comment xml:lang="ko">일부 다운로드한 파일</comment>
  <comment xml:lang="oc">fichièr parcialament telecargat</comment>
  <comment xml:lang="pl">Częściowo pobrany plik</comment>
  <comment xml:lang="pt">Ficheiro parcialmente transferido</comment>
  <comment xml:lang="pt_BR">Arquivo baixado parcialmente</comment>
  <comment xml:lang="ru">Частично загруженный файл</comment>
  <comment xml:lang="sk">Čiastočne stiahnutý súbor</comment>
  <comment xml:lang="sl">Delno prenesena datoteka</comment>
  <comment xml:lang="sr">делимично преузета датотека</comment>
  <comment xml:lang="sv">Delvis hämtad fil</comment>
  <comment xml:lang="tr">Kısmen indirilmiş dosya</comment>
  <comment xml:lang="uk">частково отриманий файл</comment>
  <comment xml:lang="zh_CN">下载的部分文件</comment>
  <comment xml:lang="zh_TW">已部份下載的檔案</comment>
  <generic-icon name="package-x-generic"/>
  <glob pattern="*.wkdownload"/>
  <glob pattern="*.crdownload"/>
  <glob pattern="*.part"/>
</mime-type>
