<?xml version="1.0" encoding="utf-8"?>
<mime-type xmlns="http://www.freedesktop.org/standards/shared-mime-info" type="application/x-perl">
  <!--Created automatically by update-mime-database. DO NOT EDIT!-->
  <comment>Perl script</comment>
  <comment xml:lang="ar">سكربت بيرل</comment>
  <comment xml:lang="be@latin">Skrypt Perl</comment>
  <comment xml:lang="bg">Скрипт — Perl</comment>
  <comment xml:lang="ca">script Perl</comment>
  <comment xml:lang="cs">skript v Perlu</comment>
  <comment xml:lang="cy">Sgript Perl</comment>
  <comment xml:lang="da">Perlprogram</comment>
  <comment xml:lang="de">Perl-Skript</comment>
  <comment xml:lang="el">Δέσμη ενεργειών Perl</comment>
  <comment xml:lang="en_GB">Perl script</comment>
  <comment xml:lang="eo">Perl-skripto</comment>
  <comment xml:lang="es">secuencia de órdenes en Perl</comment>
  <comment xml:lang="eu">Perl script-a</comment>
  <comment xml:lang="fi">Perl-komentotiedosto</comment>
  <comment xml:lang="fo">Perl boðrøð</comment>
  <comment xml:lang="fr">script Perl</comment>
  <comment xml:lang="ga">script Perl</comment>
  <comment xml:lang="gl">Script de Perl</comment>
  <comment xml:lang="he">תסריט מעטפת של Perl</comment>
  <comment xml:lang="hr">Perl skripta</comment>
  <comment xml:lang="hu">Perl-parancsfájl</comment>
  <comment xml:lang="ia">Script Perl</comment>
  <comment xml:lang="id">Skrip Perl</comment>
  <comment xml:lang="it">Script Perl</comment>
  <comment xml:lang="ja">Perl スクリプト</comment>
  <comment xml:lang="kk">Perl сценарийі</comment>
  <comment xml:lang="ko">펄 스크립트</comment>
  <comment xml:lang="lt">Perl scenarijus</comment>
  <comment xml:lang="lv">Perl skripts</comment>
  <comment xml:lang="ms">Skrip Perl</comment>
  <comment xml:lang="nb">Perl skript</comment>
  <comment xml:lang="nl">Perl-script</comment>
  <comment xml:lang="nn">Perl-skript</comment>
  <comment xml:lang="oc">escript Perl</comment>
  <comment xml:lang="pl">Skrypt Perl</comment>
  <comment xml:lang="pt">script Perl</comment>
  <comment xml:lang="pt_BR">Script Perl</comment>
  <comment xml:lang="ro">Script Perl</comment>
  <comment xml:lang="ru">сценарий Perl</comment>
  <comment xml:lang="sk">Skript jazyka Perl</comment>
  <comment xml:lang="sl">Skriptna datoteka Perl</comment>
  <comment xml:lang="sq">Script Perl</comment>
  <comment xml:lang="sr">Перл скрипта</comment>
  <comment xml:lang="sv">Perlskript</comment>
  <comment xml:lang="tr">Perl betiği</comment>
  <comment xml:lang="uk">скрипт на Perl</comment>
  <comment xml:lang="vi">Văn lệnh Perl</comment>
  <comment xml:lang="zh_CN">Perl 脚本</comment>
  <comment xml:lang="zh_TW">Perl 指令稿</comment>
  <sub-class-of type="application/x-executable"/>
  <sub-class-of type="text/plain"/>
  <generic-icon name="text-x-script"/>
  <glob pattern="*.pl"/>
  <glob pattern="*.PL"/>
  <glob pattern="*.pm"/>
  <glob pattern="*.al"/>
  <glob pattern="*.perl"/>
  <glob pattern="*.pod"/>
  <glob weight="10" pattern="*.t"/>
</mime-type>
