<?xml version="1.0" encoding="utf-8"?>
<mime-type xmlns="http://www.freedesktop.org/standards/shared-mime-info" type="application/x-pocket-word">
  <!--Created automatically by update-mime-database. DO NOT EDIT!-->
  <comment>Pocket Word document</comment>
  <comment xml:lang="ar">مستند Pocket Word</comment>
  <comment xml:lang="bg">Документ — Pocket Word</comment>
  <comment xml:lang="ca">document de Pocket Word</comment>
  <comment xml:lang="cs">dokument Pocket Word</comment>
  <comment xml:lang="da">Pocket Word-dokument</comment>
  <comment xml:lang="de">Pocket-Word-Dokument</comment>
  <comment xml:lang="el">Έγγραφο Pocket Word</comment>
  <comment xml:lang="en_GB">Pocket Word document</comment>
  <comment xml:lang="es">documento de Pocket Word</comment>
  <comment xml:lang="eu">Pocket Word dokumentua</comment>
  <comment xml:lang="fi">Pocket Word -asiakirja</comment>
  <comment xml:lang="fo">Pocket Word skjal</comment>
  <comment xml:lang="fr">document Pocket Word</comment>
  <comment xml:lang="ga">cáipéis Pocket Word</comment>
  <comment xml:lang="gl">documento de Pocket Word</comment>
  <comment xml:lang="he">מסמך של Pocket Word</comment>
  <comment xml:lang="hr">Pocket Word dokument</comment>
  <comment xml:lang="hu">Pocket Word dokumentum</comment>
  <comment xml:lang="ia">Documento Pocket Word</comment>
  <comment xml:lang="id">Dokumen Pocket Word</comment>
  <comment xml:lang="it">Documento Pocket Word</comment>
  <comment xml:lang="ja">Pocket Word ドキュメント</comment>
  <comment xml:lang="kk">Pocket Word құжаты</comment>
  <comment xml:lang="ko">Pocket Word 문서</comment>
  <comment xml:lang="lt">Pocket Word dokumentas</comment>
  <comment xml:lang="lv">Pocket Word dokuments</comment>
  <comment xml:lang="nl">Pocket Word-document</comment>
  <comment xml:lang="oc">document Pocket Word</comment>
  <comment xml:lang="pl">Dokument Pocket Word</comment>
  <comment xml:lang="pt">documento Pocket Word</comment>
  <comment xml:lang="pt_BR">Documento do Pocket Word</comment>
  <comment xml:lang="ro">Document Pocket Word</comment>
  <comment xml:lang="ru">документ Pocket Word</comment>
  <comment xml:lang="sk">Dokument Pocket Word</comment>
  <comment xml:lang="sl">Dokument Pocket Word</comment>
  <comment xml:lang="sr">документ Покет Ворда</comment>
  <comment xml:lang="sv">Pocket Word-dokument</comment>
  <comment xml:lang="tr">Pocket Word belgesi</comment>
  <comment xml:lang="uk">документ Pocket Word</comment>
  <comment xml:lang="vi">Tài liệu Pocket Word</comment>
  <comment xml:lang="zh_CN">Pocket Word 文档</comment>
  <comment xml:lang="zh_TW">Pocket Word 文件</comment>
  <generic-icon name="x-office-document"/>
  <glob pattern="*.psw"/>
</mime-type>
