<?xml version="1.0" encoding="utf-8"?>
<mime-type xmlns="http://www.freedesktop.org/standards/shared-mime-info" type="application/x-profile">
  <!--Created automatically by update-mime-database. DO NOT EDIT!-->
  <comment>profiler results</comment>
  <comment xml:lang="ar">نتائج المحلل</comment>
  <comment xml:lang="az">profiler nəticələri</comment>
  <comment xml:lang="be@latin">vyniki profilera</comment>
  <comment xml:lang="bg">Резултати от анализатора</comment>
  <comment xml:lang="ca">resultats de profiler</comment>
  <comment xml:lang="cs">výsledky profileru</comment>
  <comment xml:lang="cy">canlyniadau proffeilio</comment>
  <comment xml:lang="da">profileringsresultater</comment>
  <comment xml:lang="de">Profiler-Ergebnisse</comment>
  <comment xml:lang="el">Αποτελέσματα μετρήσεων για την εκτέλεση προγράμματος</comment>
  <comment xml:lang="en_GB">profiler results</comment>
  <comment xml:lang="eo">resultoj de profililo</comment>
  <comment xml:lang="es">resultados del perfilador</comment>
  <comment xml:lang="eu">profiler-aren emaitzak</comment>
  <comment xml:lang="fi">profilointitulokset</comment>
  <comment xml:lang="fr">résultats de profileur</comment>
  <comment xml:lang="ga">torthaí próifíleora</comment>
  <comment xml:lang="gl">resultados do perfilador</comment>
  <comment xml:lang="he">תוצאות מאבחן</comment>
  <comment xml:lang="hr">Rezultati profila</comment>
  <comment xml:lang="hu">profilírozó-eredmények</comment>
  <comment xml:lang="ia">Resultatos de profilator</comment>
  <comment xml:lang="id">hasil profiler</comment>
  <comment xml:lang="it">Risultati profiler</comment>
  <comment xml:lang="ja">プロファイラー結果</comment>
  <comment xml:lang="kk">прифильдеу нәтижелері</comment>
  <comment xml:lang="ko">프로파일러 결과</comment>
  <comment xml:lang="lt">profiliklio rezultatai</comment>
  <comment xml:lang="lv">profilētāja rezultāti</comment>
  <comment xml:lang="ms">Hasil pemprofil</comment>
  <comment xml:lang="nb">profileingsresultat</comment>
  <comment xml:lang="nl">profiler-resultaten</comment>
  <comment xml:lang="nn">profileringsresultat</comment>
  <comment xml:lang="oc">resultats de perfilador</comment>
  <comment xml:lang="pl">Wyniki profilowania</comment>
  <comment xml:lang="pt">resultados de análise de perfil</comment>
  <comment xml:lang="pt_BR">Resultados do profiler</comment>
  <comment xml:lang="ro">rezultate profiler</comment>
  <comment xml:lang="ru">результаты профилирования</comment>
  <comment xml:lang="sk">Výsledky profilera</comment>
  <comment xml:lang="sl">rezultati profilirnika</comment>
  <comment xml:lang="sq">Rezultate të profiluesit</comment>
  <comment xml:lang="sr">резултати профилатора</comment>
  <comment xml:lang="sv">profilerarresultat</comment>
  <comment xml:lang="tr">profil sonuçları</comment>
  <comment xml:lang="uk">результати профілювання</comment>
  <comment xml:lang="vi">kết quả nét hiện trạng</comment>
  <comment xml:lang="zh_CN">profiler 结果</comment>
  <comment xml:lang="zh_TW">硬體資訊產生器成果</comment>
  <sub-class-of type="text/plain"/>
  <generic-icon name="text-x-generic"/>
  <glob pattern="gmon.out"/>
</mime-type>
