<?xml version="1.0" encoding="utf-8"?>
<mime-type xmlns="http://www.freedesktop.org/standards/shared-mime-info" type="application/x-raw-disk-image-xz-compressed">
  <!--Created automatically by update-mime-database. DO NOT EDIT!-->
  <comment>Raw disk image (XZ-compressed)</comment>
  <comment xml:lang="ca">imatge de disc RAW (amb compressió XZ)</comment>
  <comment xml:lang="cs">surový obraz disku (komprimovaný pomocí XZ)</comment>
  <comment xml:lang="da">Rå diskaftryk (XZ-komprimeret)</comment>
  <comment xml:lang="de">Rohes Datenträgerabbild (XZ-komprimiert)</comment>
  <comment xml:lang="el">Ανεπεξέργαστη εικόνα δίσκου (συμπιεσμένη XZ)</comment>
  <comment xml:lang="en_GB">Raw disk image (XZ-compressed)</comment>
  <comment xml:lang="es">imagen de disco en bruto (comprimida con XZ)</comment>
  <comment xml:lang="eu">Disko gordinaren irudia (XZ-rekin konprimitua)</comment>
  <comment xml:lang="fi">Raaka levytiedosto (XZ-pakattu)</comment>
  <comment xml:lang="fr">image disque Raw (compression XZ)</comment>
  <comment xml:lang="gl">Imaxe de disco en bruto (comprimida en XZ)</comment>
  <comment xml:lang="he">דמות גולמית של כונן (בדחיסת XZ)</comment>
  <comment xml:lang="hr">Osnovna slika diska (XZ sažeta)</comment>
  <comment xml:lang="hu">Nyers lemezkép (XZ-vel tömörítve)</comment>
  <comment xml:lang="ia">Imagine de disco crude (comprimite con XZ)</comment>
  <comment xml:lang="id">Image disk mentah (terkompresi XZ)</comment>
  <comment xml:lang="it">Immagine disco raw (compressa XZ)</comment>
  <comment xml:lang="kk">Шикі диск бейнесі (XZ-мен сығылған)</comment>
  <comment xml:lang="ko">RAW 디스크 이미지(XZ 압축)</comment>
  <comment xml:lang="oc">imatge disc Raw (compression XZ)</comment>
  <comment xml:lang="pl">Surowy obraz dysku (kompresja XZ)</comment>
  <comment xml:lang="pt">imagem de disco Raw (compressão XZ)</comment>
  <comment xml:lang="pt_BR">Imagem bruta de disco (compactada com XZ)</comment>
  <comment xml:lang="ru">необработанный образ диска (XZ-сжатый)</comment>
  <comment xml:lang="sk">Obraz disku (komprimovaný pomocou XZ)</comment>
  <comment xml:lang="sl">Surovi odtis diska (stisnjeno z XZ)</comment>
  <comment xml:lang="sr">сирова слика диска (запакована ИксЗ-ом)</comment>
  <comment xml:lang="sv">Rå diskavbild (XZ-komprimerad)</comment>
  <comment xml:lang="tr">İşlem görmemiş disk imajı (XZ ile sıkıştırılmış)</comment>
  <comment xml:lang="uk">простий образ диска (стиснений XZ)</comment>
  <comment xml:lang="zh_CN">原始磁盘镜像(XZ 压缩)</comment>
  <comment xml:lang="zh_TW">原生磁碟映像 (XZ 格式壓縮)</comment>
  <sub-class-of type="application/x-xz"/>
  <glob pattern="*.raw-disk-image.xz"/>
  <glob pattern="*.img.xz"/>
</mime-type>
