<?xml version="1.0" encoding="utf-8"?>
<mime-type xmlns="http://www.freedesktop.org/standards/shared-mime-info" type="application/x-shar">
  <!--Created automatically by update-mime-database. DO NOT EDIT!-->
  <comment>shell archive</comment>
  <comment xml:lang="ar">أرشيف شِل</comment>
  <comment xml:lang="az">qabıq arxivi</comment>
  <comment xml:lang="be@latin">archiŭ abałonki</comment>
  <comment xml:lang="bg">Архив на обвивката</comment>
  <comment xml:lang="ca">arxiu de shell</comment>
  <comment xml:lang="cs">archiv shellu</comment>
  <comment xml:lang="cy">archif plisgyn</comment>
  <comment xml:lang="da">skalarkiv</comment>
  <comment xml:lang="de">Shell-Archiv</comment>
  <comment xml:lang="el">Αρχείο κέλυφους</comment>
  <comment xml:lang="en_GB">shell archive</comment>
  <comment xml:lang="eo">ŝel-arkivo</comment>
  <comment xml:lang="es">archivador shell</comment>
  <comment xml:lang="eu">shell artxiboa</comment>
  <comment xml:lang="fi">komentotulkkiarkisto</comment>
  <comment xml:lang="fo">skel savn</comment>
  <comment xml:lang="fr">archive shell</comment>
  <comment xml:lang="ga">cartlann bhlaoisce</comment>
  <comment xml:lang="gl">ficheiro shell</comment>
  <comment xml:lang="he">ארכיון מעטפת</comment>
  <comment xml:lang="hr">arhiva ljuske</comment>
  <comment xml:lang="hu">héjarchívum</comment>
  <comment xml:lang="ia">Archivo de shell</comment>
  <comment xml:lang="id">arsip shell</comment>
  <comment xml:lang="it">Archivio shell</comment>
  <comment xml:lang="ja">シェルアーカイブ</comment>
  <comment xml:lang="kk">қоршам архиві</comment>
  <comment xml:lang="ko">셸 압축 파일</comment>
  <comment xml:lang="lt">shell archyvas</comment>
  <comment xml:lang="lv">čaulas arhīvs</comment>
  <comment xml:lang="ms">Arkib shell</comment>
  <comment xml:lang="nb">skallarkiv</comment>
  <comment xml:lang="nl">shell-archief</comment>
  <comment xml:lang="nn">skal-arkiv</comment>
  <comment xml:lang="oc">archiu shell</comment>
  <comment xml:lang="pl">Archiwum powłoki</comment>
  <comment xml:lang="pt">arquivo de terminal</comment>
  <comment xml:lang="pt_BR">Pacote shell</comment>
  <comment xml:lang="ro">arhivă shell</comment>
  <comment xml:lang="ru">архив оболочки UNIX</comment>
  <comment xml:lang="sk">Archív shellu</comment>
  <comment xml:lang="sl">lupinski arhiv</comment>
  <comment xml:lang="sq">Arkiv shell</comment>
  <comment xml:lang="sr">архива љуске</comment>
  <comment xml:lang="sv">skalarkiv</comment>
  <comment xml:lang="tr">kabuk arşivi</comment>
  <comment xml:lang="uk">архів оболонки</comment>
  <comment xml:lang="vi">kho trình bao</comment>
  <comment xml:lang="zh_CN">shell 归档文件</comment>
  <comment xml:lang="zh_TW">shell 封存檔</comment>
  <generic-icon name="package-x-generic"/>
  <glob pattern="*.shar"/>
</mime-type>
