<?xml version="1.0" encoding="utf-8"?>
<mime-type xmlns="http://www.freedesktop.org/standards/shared-mime-info" type="application/x-tar">
  <!--Created automatically by update-mime-database. DO NOT EDIT!-->
  <comment>Tar archive</comment>
  <comment xml:lang="ar">أرشيف Tar</comment>
  <comment xml:lang="az">Tar arxivi</comment>
  <comment xml:lang="be@latin">Archiŭ tar</comment>
  <comment xml:lang="bg">Архив — tar</comment>
  <comment xml:lang="ca">arxiu tar</comment>
  <comment xml:lang="cs">archiv Tar</comment>
  <comment xml:lang="cy">Archif tar</comment>
  <comment xml:lang="da">Tar-arkiv</comment>
  <comment xml:lang="de">Tar-Archiv</comment>
  <comment xml:lang="el">Συμπιεσμένο αρχείο Tar</comment>
  <comment xml:lang="en_GB">Tar archive</comment>
  <comment xml:lang="es">archivador Tar</comment>
  <comment xml:lang="eu">Tar artxiboa</comment>
  <comment xml:lang="fi">Tar-arkisto</comment>
  <comment xml:lang="fo">Tar skjalasavn</comment>
  <comment xml:lang="fr">archive tar</comment>
  <comment xml:lang="ga">cartlann Tar</comment>
  <comment xml:lang="gl">arquivo Tar</comment>
  <comment xml:lang="he">ארכיון Tar</comment>
  <comment xml:lang="hr">Tar arhiva</comment>
  <comment xml:lang="hu">Tar archívum</comment>
  <comment xml:lang="ia">Archivo Tar</comment>
  <comment xml:lang="id">Arsip Tar</comment>
  <comment xml:lang="it">Archivio tar</comment>
  <comment xml:lang="ja">Tar アーカイブ</comment>
  <comment xml:lang="kk">Tar архиві</comment>
  <comment xml:lang="ko">TAR 묶음 파일</comment>
  <comment xml:lang="lt">Tar archyvas</comment>
  <comment xml:lang="lv">Tar arhīvs</comment>
  <comment xml:lang="ms">Arkib Tar</comment>
  <comment xml:lang="nb">Tar-arkiv</comment>
  <comment xml:lang="nl">Tar-archief</comment>
  <comment xml:lang="nn">Tar-arkiv</comment>
  <comment xml:lang="oc">archiu tar</comment>
  <comment xml:lang="pl">Archiwum tar</comment>
  <comment xml:lang="pt">arquivo Tar</comment>
  <comment xml:lang="pt_BR">Pacote Tar</comment>
  <comment xml:lang="ro">Arhivă Tar</comment>
  <comment xml:lang="ru">архив TAR</comment>
  <comment xml:lang="sk">Archív tar</comment>
  <comment xml:lang="sl">Datoteka arhiva Tar</comment>
  <comment xml:lang="sq">Arkiv tar</comment>
  <comment xml:lang="sr">Тар архива</comment>
  <comment xml:lang="sv">Tar-arkiv</comment>
  <comment xml:lang="tr">Tar arşivi</comment>
  <comment xml:lang="uk">архів tar</comment>
  <comment xml:lang="vi">Kho nén tar</comment>
  <comment xml:lang="zh_CN">Tar 归档文件</comment>
  <comment xml:lang="zh_TW">Tar 封存檔</comment>
  <generic-icon name="package-x-generic"/>
  <alias type="application/x-gtar"/>
  <glob pattern="*.tar"/>
  <glob pattern="*.gtar"/>
  <glob pattern="*.gem"/>
</mime-type>
