<?xml version="1.0" encoding="utf-8"?>
<mime-type xmlns="http://www.freedesktop.org/standards/shared-mime-info" type="application/x-tex-pk">
  <!--Created automatically by update-mime-database. DO NOT EDIT!-->
  <comment>packed font file</comment>
  <comment xml:lang="ar">ملف الخط المرزم</comment>
  <comment xml:lang="be@latin">zapakavany fajł šryftu</comment>
  <comment xml:lang="bg">Шрифт — компресиран</comment>
  <comment xml:lang="ca">fitxer empaquetat de tipus de lletra</comment>
  <comment xml:lang="cs">komprimovaný soubor písma</comment>
  <comment xml:lang="da">pakket skrifttypefil</comment>
  <comment xml:lang="de">Gepackte Schriftdatei</comment>
  <comment xml:lang="el">Αρχείο συμπιεσμένης γραμματοσειράς</comment>
  <comment xml:lang="en_GB">packed font file</comment>
  <comment xml:lang="eo">pakigita tipara dosiero</comment>
  <comment xml:lang="es">tipo de letra empaquetado</comment>
  <comment xml:lang="eu">Letra-tipo fitxategi paketatua</comment>
  <comment xml:lang="fi">pakattu fonttitiedosto</comment>
  <comment xml:lang="fo">pakkað stavasniðsfíla</comment>
  <comment xml:lang="fr">fichier de polices empaquetées</comment>
  <comment xml:lang="ga">comhad cló pacáilte</comment>
  <comment xml:lang="gl">ficheiro de fonte empaquetada</comment>
  <comment xml:lang="he">קובץ גופן ארוז</comment>
  <comment xml:lang="hr">pakirana datoteka fonta</comment>
  <comment xml:lang="hu">packed font-fájl</comment>
  <comment xml:lang="ia">File de typos de litteras impacchettate</comment>
  <comment xml:lang="id">berkas fonta terkemas</comment>
  <comment xml:lang="it">File tipo carattere condensato</comment>
  <comment xml:lang="ja">パックされたフォントファイル</comment>
  <comment xml:lang="kk">қаріп файлы (дестеленген)</comment>
  <comment xml:lang="ko">글꼴 묶음 파일</comment>
  <comment xml:lang="lt">supakuotas šrifto failas</comment>
  <comment xml:lang="lv">sapakota fonta datne</comment>
  <comment xml:lang="ms">Fail font dipek</comment>
  <comment xml:lang="nb">pakket skriftfil</comment>
  <comment xml:lang="nl">ingepakt lettertypebestand</comment>
  <comment xml:lang="nn">pakka skrifttypefil</comment>
  <comment xml:lang="oc">fichièr de poliças empaquetadas</comment>
  <comment xml:lang="pl">Plik ze spakowaną czcionką</comment>
  <comment xml:lang="pt">ficheiro de letras empacotadas</comment>
  <comment xml:lang="pt_BR">Arquivo de fonte empacotado</comment>
  <comment xml:lang="ro">fișier font împachetat</comment>
  <comment xml:lang="ru">сжатый файл шрифта</comment>
  <comment xml:lang="sk">Komprimovaný súbor písma</comment>
  <comment xml:lang="sl">pakirana datoteka pisave</comment>
  <comment xml:lang="sq">File lloj gërmash i kondensuar</comment>
  <comment xml:lang="sr">пакована датотека слова</comment>
  <comment xml:lang="sv">packad typsnittsfil</comment>
  <comment xml:lang="tr">paketlenmiş yazı tipi dosyası</comment>
  <comment xml:lang="uk">запакований файл шрифту</comment>
  <comment xml:lang="vi">tập tin phông chữ đã đóng gói</comment>
  <comment xml:lang="zh_CN">打包的字体文件</comment>
  <comment xml:lang="zh_TW">包裝字型檔</comment>
  <generic-icon name="font-x-generic"/>
  <glob pattern="*.pk"/>
</mime-type>
