<?xml version="1.0" encoding="utf-8"?>
<mime-type xmlns="http://www.freedesktop.org/standards/shared-mime-info" type="application/x-windows-themepack">
  <!--Created automatically by update-mime-database. DO NOT EDIT!-->
  <comment>Microsoft Windows theme pack</comment>
  <comment xml:lang="ar">حزمة سمات Microsoft Works</comment>
  <comment xml:lang="bg">Пакет с тема — Microsoft Windows</comment>
  <comment xml:lang="ca">paquet de temes de Microsoft Windows</comment>
  <comment xml:lang="cs">balík motivů Microsoft Windows</comment>
  <comment xml:lang="da">Microsoft Windows-temapakke</comment>
  <comment xml:lang="de">Themenpaket für Microsoft Windows</comment>
  <comment xml:lang="el">Πακέτο θέματος Microsoft Windows</comment>
  <comment xml:lang="en_GB">Microsoft Windows theme pack</comment>
  <comment xml:lang="es">paquete de tema para Microsoft Windows</comment>
  <comment xml:lang="eu">Microsoft Windows-en gaiaren paketea</comment>
  <comment xml:lang="fi">Microsoft Windows -teemapaketti</comment>
  <comment xml:lang="fo">Microsoft Windows tema pakki</comment>
  <comment xml:lang="fr">paquet de thèmes Microsoft Windows</comment>
  <comment xml:lang="ga">paca téamaí Microsoft Windows</comment>
  <comment xml:lang="gl">paquete de tema de Microsoft Windows</comment>
  <comment xml:lang="he">חבילת ערכות נושא של Microsoft Windows</comment>
  <comment xml:lang="hr">Microsoft Windows paket tema</comment>
  <comment xml:lang="hu">Microsoft Windows témacsomag</comment>
  <comment xml:lang="ia">Pacchetto de themas Microsoft Windows</comment>
  <comment xml:lang="id">Pak tema Microsoft Windows</comment>
  <comment xml:lang="it">Pacchetto temi Microsoft Windows</comment>
  <comment xml:lang="ja">Microsoft Windows テーマパック</comment>
  <comment xml:lang="ka">Microsoft Windows-ის თემის შეკვრა</comment>
  <comment xml:lang="kk">Microsoft Windows тема дестесі</comment>
  <comment xml:lang="ko">Microsoft Windows 테마 패키지</comment>
  <comment xml:lang="lt">Microsoft Windows temų paketas</comment>
  <comment xml:lang="lv">Microsoft Windows motīvu paka</comment>
  <comment xml:lang="nl">Microsoft Windows thema pack</comment>
  <comment xml:lang="oc">paquet de tèmas Microsoft Windows</comment>
  <comment xml:lang="pl">Pakiet motywu Microsoft Windows</comment>
  <comment xml:lang="pt">pacote de tema Microsoft Windows</comment>
  <comment xml:lang="pt_BR">Pacote de temas do Microsoft Windows</comment>
  <comment xml:lang="ro">Pachet de teme Microsoft Windows</comment>
  <comment xml:lang="ru">пакет темы Microsoft Windows</comment>
  <comment xml:lang="sk">Balík tém Microsoft Windows</comment>
  <comment xml:lang="sl">Datoteka teme Microsoft Windows</comment>
  <comment xml:lang="sr">пакет теме Мајкрософт Виндоуза</comment>
  <comment xml:lang="sv">Microsoft Windows-temapaket</comment>
  <comment xml:lang="tr">Microsoft Windows tema paketi</comment>
  <comment xml:lang="uk">пакунок з темою Microsoft Windows</comment>
  <comment xml:lang="zh_CN">Microsoft Windows 主题包</comment>
  <comment xml:lang="zh_TW">微軟視窗佈景主題包</comment>
  <sub-class-of type="application/vnd.ms-cab-compressed"/>
  <generic-icon name="package-x-generic"/>
  <glob pattern="*.themepack"/>
</mime-type>
