<?xml version="1.0" encoding="utf-8"?>
<mime-type xmlns="http://www.freedesktop.org/standards/shared-mime-info" type="application/x-zip-compressed-fb2">
  <!--Created automatically by update-mime-database. DO NOT EDIT!-->
  <comment>Compressed FictionBook document</comment>
  <comment xml:lang="ca">document FictionBook amb compressió</comment>
  <comment xml:lang="cs">komprimovaný dokument FictionBook</comment>
  <comment xml:lang="da">Komprimeret FictionBook-dokument</comment>
  <comment xml:lang="de">Komprimiertes FictionBook-Dokument</comment>
  <comment xml:lang="el">Συμπιεσμένο έγγραφο FictionBook</comment>
  <comment xml:lang="en_GB">Compressed FictionBook document</comment>
  <comment xml:lang="es">documento comprimido de FictionBook</comment>
  <comment xml:lang="eu">Konprimitutako FictionBook dokumentua</comment>
  <comment xml:lang="fi">Pakattu FictionBook-asiakirja</comment>
  <comment xml:lang="fr">document FictionBook compressé</comment>
  <comment xml:lang="gl">Documento de FictionBook comprimida</comment>
  <comment xml:lang="he">מסמך FictionBook מכווץ</comment>
  <comment xml:lang="hr">Sažet FictionBook dokument</comment>
  <comment xml:lang="hu">Tömörített FictionBook dokumentum</comment>
  <comment xml:lang="ia">Documento FictionBook comprimite</comment>
  <comment xml:lang="id">Dokumen FictionBook terkompresi</comment>
  <comment xml:lang="it">Documento FictionBook compresso</comment>
  <comment xml:lang="kk">Сығылған FictionBook құжаты</comment>
  <comment xml:lang="ko">압축한 FictionBook 문서</comment>
  <comment xml:lang="oc">document FictionBook compressat</comment>
  <comment xml:lang="pl">Skompresowany dokument FictionBook</comment>
  <comment xml:lang="pt">documento comprimido FictionBook</comment>
  <comment xml:lang="pt_BR">Documento FictionBook comprimido</comment>
  <comment xml:lang="ru">Сжатый документ FictionBook</comment>
  <comment xml:lang="sk">Komprimovaný dokument FictionBook</comment>
  <comment xml:lang="sl">Stisnjeni dokument FictionBook</comment>
  <comment xml:lang="sr">запаковани документ Фикшон Књиге</comment>
  <comment xml:lang="sv">Komprimerat FictionBook-dokument</comment>
  <comment xml:lang="tr">Sıkıştırılmış KurguKitap belgesi</comment>
  <comment xml:lang="uk">стиснений документ FictionBook</comment>
  <comment xml:lang="zh_CN">压缩的 FictionBook 文档</comment>
  <comment xml:lang="zh_TW">壓縮的 FictionBook 文件</comment>
  <sub-class-of type="application/zip"/>
  <glob pattern="*.fb2.zip"/>
</mime-type>
